タイムスタンプ,性別,年齢,ONE PIECE [圧],ONE PIECE [情],ONE PIECE [脱],ONE PIECE [色],ONE PIECE [知],ONE PIECE [拍],ヒロアカ [圧],ヒロアカ [情],ヒロアカ [脱],ヒロアカ [色],ヒロアカ [知],ヒロアカ [拍],ブラクロ [圧],ブラクロ [情],ブラクロ [脱],ブラクロ [色],ブラクロ [知],ブラクロ [拍],呪術廻戦 [圧],呪術廻戦 [情],呪術廻戦 [脱],呪術廻戦 [色],呪術廻戦 [知],呪術廻戦 [拍],夜桜さんちの大作戦 [圧],夜桜さんちの大作戦 [情],夜桜さんちの大作戦 [脱],夜桜さんちの大作戦 [色],夜桜さんちの大作戦 [知],夜桜さんちの大作戦 [拍],アンデラ [圧],アンデラ [情],アンデラ [脱],アンデラ [色],アンデラ [知],アンデラ [拍],マッシュル [圧],マッシュル [情],マッシュル [脱],マッシュル [色],マッシュル [知],マッシュル [拍],僕とロボコ [圧],僕とロボコ [情],僕とロボコ [脱],僕とロボコ [色],僕とロボコ [知],僕とロボコ [拍],サカモトデイズ [圧],サカモトデイズ [情],サカモトデイズ [脱],サカモトデイズ [色],サカモトデイズ [知],サカモトデイズ [拍],逃げ若 [圧],逃げ若 [情],逃げ若 [脱],逃げ若 [色],逃げ若 [知],逃げ若 [拍],ウィッチウォッチ [圧],ウィッチウォッチ [情],ウィッチウォッチ [脱],ウィッチウォッチ [色],ウィッチウォッチ [知],ウィッチウォッチ [拍],アオのハコ [圧],アオのハコ [情],アオのハコ [脱],アオのハコ [色],アオのハコ [知],アオのハコ [拍],あかね噺 [圧],あかね噺 [情],あかね噺 [脱],あかね噺 [色],あかね噺 [知],あかね噺 [拍],一ノ瀬家の大罪 [圧],一ノ瀬家の大罪 [情],一ノ瀬家の大罪 [脱],一ノ瀬家の大罪 [色],一ノ瀬家の大罪 [知],一ノ瀬家の大罪 [拍],暗号学園のいろは [圧],暗号学園のいろは [情],暗号学園のいろは [脱],暗号学園のいろは [色],暗号学園のいろは [知],暗号学園のいろは [拍],人造人間100 [圧],人造人間100 [情],人造人間100 [脱],人造人間100 [色],人造人間100 [知],人造人間100 [拍]
2023/04/22 3:56:32 午後 GMT+9,男性,22,4,5,2,1,2,4,4,4,3,4,2,3,5,3,2,1,1,4,4,4,2,1,4,4,3,3,4,1,1,2,5,3,2,1,3,5,5,2,5,1,1,4,5,4,5,2,1,5,5,2,4,2,1,5,4,3,2,4,5,4,4,4,4,2,4,5,2,4,3,4,1,3,4,4,3,2,5,4,5,4,3,1,4,4,4,4,2,4,5,4,3,3,3,1,2,3
2023/04/22 4:20:03 午後 GMT+9,女性,33,5,5,1,4,1,4,4,5,1,5,4,1,4,3,1,1,1,4,4,1,2,1,4,3,1,5,4,2,1,3,5,5,3,3,5,5,5,1,5,1,1,5,2,3,5,1,3,5,5,2,3,1,1,5,3,4,2,4,5,4,1,2,5,1,2,5,1,5,2,1,1,3,3,3,3,1,5,3,5,4,1,1,1,5,2,1,1,1,5,4,3,3,1,3,2,3
2023/04/22 4:24:37 午後 GMT+9,男性,21,5,4,3,3,2,3,5,5,3,3,2,3,5,4,3,3,2,3,4,4,4,2,3,4,4,4,4,3,2,3,5,5,4,3,4,5,5,3,5,1,2,3,4,2,4,1,3,4,5,3,4,1,2,3,3,5,4,3,5,5,3,4,5,3,4,4,2,5,3,4,3,2,4,5,3,2,5,5,3,4,2,1,4,4,4,5,4,3,4,4,4,4,3,2,3,3
2023/04/22 4:24:54 午後 GMT+9,女性,33,5,5,2,4,3,4,4,4,1,4,5,3,4,4,1,1,1,3,4,2,2,1,5,3,3,4,3,2,1,3,5,3,1,1,5,5,5,1,5,1,1,5,3,3,5,1,4,5,5,2,2,1,3,5,3,3,3,3,5,5,2,2,5,1,1,5,2,5,1,1,1,3,4,4,3,1,5,4,5,5,1,1,1,5,2,1,1,1,5,4,3,3,1,2,1,3
2023/04/22 4:26:45 午後 GMT+9,男性,33,5,5,3,3,5,3,4,4,3,4,2,3,5,3,2,4,3,2,4,3,2,2,3,4,3,2,3,2,2,2,4,3,3,1,3,5,3,3,4,2,2,2,5,4,4,1,4,4,5,3,4,4,2,4,5,4,4,2,5,4,3,3,5,4,5,5,3,5,2,3,1,4,3,4,3,4,5,3,4,2,2,2,2,2,3,4,4,2,5,4,3,2,2,2,3,2
2023/04/22 4:35:33 午後 GMT+9,男性,23,5,5,4,5,3,4,5,5,4,5,4,4,5,4,5,5,4,4,5,4,5,2,3,5,4,4,5,5,3,3,5,5,4,4,5,4,5,3,4,2,3,3,5,3,5,2,3,5,5,1,4,1,3,4,5,5,5,4,5,4,4,3,5,3,3,4,3,5,4,2,3,3,5,4,3,4,3,3,5,3,4,2,3,2,5,3,4,3,3,3,4,4,3,3,2,3
2023/04/22 4:35:43 午後 GMT+9,男性,36,5,5,3,1,4,1,5,5,1,1,1,1,5,2,1,1,1,3,5,1,5,1,5,1,3,5,5,1,2,3,2,5,1,1,1,3,5,1,5,1,1,5,5,1,5,1,1,5,5,1,5,1,1,5,3,5,5,1,5,5,5,5,5,1,5,1,1,5,1,5,1,2,5,5,5,3,5,5,3,3,3,3,3,3,4,3,4,3,5,5,2,4,1,1,1,4
2023/04/22 4:36:11 午後 GMT+9,女性,19,1,1,2,3,2,2,1,1,3,3,3,2,1,2,3,4,4,2,2,2,3,2,1,1,2,2,3,2,1,2,1,2,3,3,2,3,1,3,2,3,3,2,1,2,3,2,5,1,1,2,2,4,3,1,2,1,2,1,1,1,2,1,1,2,2,1,2,1,2,1,4,2,1,1,2,4,1,1,4,1,4,4,2,2,1,1,4,2,1,2,1,2,4,4,2,4
2023/04/22 4:38:42 午後 GMT+9,男性,20,5,4,2,2,2,3,5,4,3,4,3,3,5,2,3,2,2,5,4,5,3,3,4,4,3,4,5,4,3,4,4,5,3,3,3,5,5,2,5,1,1,4,3,3,5,1,2,4,5,4,4,5,2,5,5,4,2,2,5,4,3,3,5,3,2,5,2,4,4,4,2,3,2,1,3,1,2,1,5,5,1,1,2,5,5,3,3,3,5,5,4,5,3,3,2,5
2023/04/22 4:40:23 午後 GMT+9,男性,19,5,5,3,3,4,2,4,5,3,5,2,2,3,3,3,3,3,3,5,5,3,1,2,5,3,3,3,4,3,3,4,4,2,3,3,4,4,3,1,1,1,4,4,3,5,1,1,4,5,3,2,1,1,5,3,4,4,1,4,3,3,3,4,4,2,4,3,4,3,2,2,2,3,3,3,1,2,4,3,3,3,1,4,3,4,3,3,2,4,4,4,4,2,1,4,5
2023/04/22 4:40:54 午後 GMT+9,男性,29,5,4,4,4,2,4,4,4,3,4,3,3,5,4,3,3,2,4,5,4,4,2,2,2,4,5,4,3,4,2,4,3,3,2,4,5,4,3,5,1,1,3,5,4,5,2,1,4,5,1,2,1,1,4,4,4,4,3,5,4,3,3,4,3,1,3,3,4,3,3,1,2,3,3,3,4,4,3,2,2,1,4,2,2,5,4,4,4,4,2,3,3,3,3,3,2
2023/04/22 4:41:26 午後 GMT+9,男性,26,5,3,4,3,2,4,5,4,3,4,2,2,5,3,3,3,1,3,5,4,3,2,2,3,3,4,4,3,2,3,4,4,3,2,2,5,4,3,5,2,1,3,4,3,4,1,2,5,5,3,3,4,2,5,3,4,4,3,5,4,3,4,4,4,3,4,3,4,3,5,1,2,4,4,4,4,4,4,3,4,4,1,1,2,4,4,3,4,4,3,4,5,3,4,3,3
2023/04/22 4:42:03 午後 GMT+9,男性,23,5,5,3,3,5,3,5,5,3,4,3,3,5,5,4,4,2,3,5,5,4,2,3,4,3,3,4,2,1,2,4,5,3,2,4,3,4,2,4,2,2,2,3,3,4,1,3,3,5,4,4,3,1,5,4,5,3,4,5,3,3,3,4,2,2,4,2,3,2,2,2,2,3,4,4,3,4,3,3,3,2,2,3,3,4,4,4,3,4,5,4,4,3,2,2,3
2023/04/22 4:42:27 午後 GMT+9,男性,22,5,3,2,4,3,1,5,5,2,4,4,2,5,3,1,3,1,3,3,4,1,1,1,4,2,3,4,2,1,4,4,4,2,1,3,5,3,3,5,1,1,2,5,2,5,1,3,5,5,2,1,3,1,5,2,4,3,4,5,5,2,4,4,5,3,4,2,4,3,3,3,3,4,4,1,2,2,5,1,4,1,1,1,2,4,3,3,3,4,4,3,4,2,1,2,5
2023/04/22 4:43:25 午後 GMT+9,女性,30,4,4,2,3,4,2,4,4,1,3,1,2,3,1,3,2,1,2,4,4,3,1,4,4,1,2,1,3,2,1,4,3,2,2,3,4,2,3,4,2,1,1,3,2,4,1,4,4,4,1,1,3,1,4,4,3,1,1,4,3,1,2,2,3,2,2,1,4,1,2,1,2,4,3,1,4,4,3,1,3,3,1,1,1,3,1,1,4,4,3,2,2,2,3,1,4
2023/04/22 4:45:59 午後 GMT+9,男性,27,5,5,2,4,4,2,5,4,3,4,2,4,5,3,2,4,4,2,4,4,2,2,3,4,2,2,4,4,2,2,5,5,2,2,4,5,5,1,5,1,1,4,5,4,5,3,4,5,5,2,4,2,2,5,4,4,2,4,5,4,4,3,4,4,3,5,3,5,2,4,2,3,3,4,2,4,5,5,4,4,2,1,4,5,3,3,2,4,5,4,4,4,2,4,2,4
2023/04/22 4:47:13 午後 GMT+9,男性,23,5,5,3,4,2,3,5,4,2,5,1,2,4,3,2,3,1,2,4,3,4,3,3,4,3,3,4,3,4,3,5,5,4,2,3,5,4,2,5,2,3,3,4,2,5,2,4,4,5,3,4,3,4,5,4,4,4,4,5,5,2,3,5,4,4,4,2,4,3,4,3,3,3,3,3,3,5,4,4,2,2,2,2,2,4,3,4,4,5,4,4,3,3,3,2,4
2023/04/22 4:48:49 午後 GMT+9,男性,19,5,4,4,4,4,3,5,5,4,4,2,3,5,4,4,4,2,4,4,5,4,3,3,3,3,4,5,3,4,1,4,5,4,3,5,4,5,4,5,1,1,5,5,2,5,1,1,5,5,4,4,3,4,5,3,4,4,5,5,3,4,3,5,3,3,5,3,5,3,5,3,4,4,4,4,4,4,4,4,5,3,3,4,4,4,4,4,3,5,4,3,4,3,3,3,3
2023/04/22 4:50:35 午後 GMT+9,男性,31,5,5,5,5,5,3,5,5,3,3,5,3,4,4,2,1,2,2,5,5,1,3,4,3,3,3,3,3,3,3,3,2,2,2,2,5,4,1,4,3,1,3,5,5,5,5,1,5,5,2,3,2,3,5,4,4,4,2,5,5,4,5,5,3,3,5,2,5,4,5,3,4,5,5,2,1,5,5,3,4,1,2,3,4,5,5,3,4,5,5,5,5,1,1,2,3
2023/04/22 4:53:44 午後 GMT+9,女性,31,5,4,2,4,3,1,5,5,3,5,2,2,5,3,2,4,4,2,5,5,4,1,4,4,3,3,4,4,2,4,4,4,3,2,3,4,5,2,5,1,3,2,4,3,4,1,4,4,5,3,4,4,3,4,5,4,4,4,5,4,3,4,5,3,4,4,3,4,3,5,2,3,5,4,3,4,5,4,5,5,3,2,2,4,5,3,3,4,5,5,3,5,3,3,3,4
2023/04/22 4:54:23 午後 GMT+9,男性,42,5,5,3,5,4,2,5,4,2,5,2,4,5,2,2,3,2,4,4,2,4,4,4,4,4,3,4,3,2,4,4,3,4,3,4,5,5,3,5,4,3,4,4,3,5,3,2,4,5,3,3,2,2,5,3,4,4,5,5,5,4,2,4,3,2,4,3,5,3,4,2,4,4,5,3,4,5,4,5,2,2,2,2,2,4,3,3,3,4,4,4,4,3,3,2,3
2023/04/22 4:57:48 午後 GMT+9,女性,20,4,2,2,3,3,3,3,3,2,2,1,2,2,3,2,2,2,2,2,3,2,2,3,2,2,3,3,2,2,2,3,2,2,2,2,2,3,2,4,1,1,2,3,3,4,2,1,3,4,2,3,1,1,4,3,4,3,2,4,3,2,3,4,3,2,2,1,4,3,3,1,2,3,4,3,2,4,2,1,2,2,1,2,2,3,2,1,1,3,1,2,2,2,3,2,2
2023/04/22 4:58:40 午後 GMT+9,男性,23,3,3,3,3,3,2,4,4,2,3,2,2,3,2,2,2,2,3,4,4,1,1,3,4,2,2,3,3,2,2,2,2,1,1,3,4,4,1,3,2,1,2,3,2,2,1,2,2,3,1,3,3,2,4,4,1,3,1,4,3,3,2,2,4,3,3,1,2,3,3,1,2,2,3,2,3,3,4,3,2,1,1,2,3,3,1,2,3,4,3,3,3,2,1,2,3
2023/04/22 4:58:53 午後 GMT+9,男性,20,4,5,3,4,4,3,5,4,3,5,3,3,5,4,3,4,3,3,4,5,2,3,3,3,3,3,5,4,3,4,4,5,3,3,4,5,5,3,5,2,3,4,5,2,5,2,4,5,5,3,5,4,3,4,4,4,4,4,5,4,3,4,5,4,3,4,3,4,2,3,3,3,4,4,4,4,5,4,5,5,3,3,4,4,5,4,3,4,5,4,4,4,4,3,4,4
2023/04/22 4:58:58 午後 GMT+9,女性,18,5,5,5,5,5,5,5,4,4,5,4,3,4,2,4,1,1,2,4,2,3,1,2,2,2,1,4,3,1,1,3,2,3,3,3,4,1,1,1,1,1,1,1,1,1,1,1,1,5,1,1,1,1,1,4,4,3,2,3,4,2,2,2,2,1,2,2,2,2,2,2,2,2,2,2,1,2,2,1,1,1,1,1,1,1,1,1,1,1,1,2,3,3,2,3,4
2023/04/22 5:00:07 午後 GMT+9,男性,30,5,5,4,4,2,5,5,5,2,5,4,5,5,3,2,5,4,5,4,4,2,2,2,5,3,2,4,3,2,5,4,5,2,3,5,5,4,2,1,1,1,3,5,5,4,1,1,4,5,5,4,2,4,5,5,5,4,3,5,4,2,4,5,3,4,5,1,4,1,3,1,1,5,5,2,5,5,5,2,4,1,1,1,3,5,4,4,4,5,3,2,2,3,4,2,4
2023/04/22 5:01:40 午後 GMT+9,男性,26,5,4,2,4,3,2,5,5,2,5,2,1,4,3,2,3,1,1,5,4,1,1,3,2,2,1,4,4,1,3,4,4,3,1,4,5,4,1,5,3,1,1,3,2,5,1,1,4,5,3,3,5,3,4,3,3,4,4,4,3,3,2,4,3,3,3,2,3,2,3,3,2,3,3,3,2,5,3,4,1,3,2,1,1,3,2,3,2,5,4,1,3,3,2,2,3
2023/04/22 5:04:02 午後 GMT+9,女性,40,5,5,3,4,1,3,5,5,2,4,4,4,4,4,1,5,2,3,5,3,1,2,4,3,3,3,3,2,1,2,4,3,2,1,2,3,4,2,5,1,1,4,5,3,5,1,3,4,5,2,2,4,2,5,4,4,2,5,5,5,2,3,4,3,2,4,1,3,3,3,1,3,4,3,2,3,3,4,1,2,1,1,2,2,2,2,3,3,5,4,5,4,3,2,4,4
2023/04/22 5:05:56 午後 GMT+9,男性,18,5,5,3,2,2,3,5,5,2,4,3,4,5,4,2,3,3,4,5,3,2,2,4,5,4,4,3,4,3,4,4,4,2,1,3,4,5,2,5,3,2,3,3,4,4,2,2,4,5,3,4,5,4,5,4,4,3,3,5,4,4,5,3,4,4,3,3,4,3,4,3,3,4,4,3,4,4,4,4,4,3,3,3,5,4,4,3,5,5,5,4,5,3,2,4,4
2023/04/22 5:07:17 午後 GMT+9,男性,20,5,5,3,5,4,4,5,4,1,5,3,3,5,4,3,4,3,3,5,2,2,2,3,4,5,5,5,5,2,3,5,4,1,2,3,5,5,4,5,1,1,4,5,5,5,4,2,3,5,2,3,3,2,5,5,3,5,5,5,5,3,4,5,5,5,4,1,1,1,1,1,1,5,4,3,5,5,5,3,3,3,3,3,3,3,3,3,3,3,3,4,4,1,3,2,4
2023/04/22 5:07:20 午後 GMT+9,女性,23,5,5,5,5,5,5,5,4,4,4,3,3,3,2,3,1,2,2,4,2,3,1,2,2,2,2,2,2,2,2,3,2,2,2,3,4,1,1,1,1,1,1,1,1,1,1,1,1,5,1,1,1,1,3,4,4,4,1,3,3,2,2,2,1,2,2,2,2,2,1,2,2,3,2,4,1,2,3,3,1,2,1,1,3,2,1,3,1,4,3,3,4,3,1,2,3
2023/04/22 5:08:31 午後 GMT+9,女性,25,3,4,3,3,2,2,3,4,1,2,2,1,3,2,2,1,1,1,4,2,1,1,2,1,2,2,3,2,2,1,4,3,2,1,2,1,2,1,2,1,1,1,3,2,4,1,1,2,4,2,2,1,1,2,4,4,3,3,4,3,2,2,3,2,1,3,1,2,1,2,1,1,2,2,1,1,3,1,2,2,2,1,1,1,3,1,1,2,4,2,4,1,2,1,2,1
2023/04/22 5:09:11 午後 GMT+9,男性,21,5,5,4,3,5,3,5,5,4,5,4,3,4,4,4,3,2,3,5,3,4,1,3,3,3,3,4,2,2,2,4,4,3,3,5,5,3,3,5,1,1,2,3,4,5,1,3,4,5,3,4,2,3,5,4,4,3,3,5,5,3,4,4,3,3,4,3,4,4,3,2,4,4,3,3,2,4,4,5,2,4,1,2,2,5,3,4,2,5,4,3,4,4,1,3,4
2023/04/22 5:09:17 午後 GMT+9,男性,17,2,5,4,5,1,3,5,4,4,2,1,1,4,4,1,1,1,4,5,5,1,1,5,5,3,3,3,3,3,3,5,3,1,1,4,5,1,1,1,1,1,1,2,2,2,2,2,2,5,2,1,1,1,5,5,5,1,1,4,5,2,4,2,4,3,1,1,5,5,5,1,1,4,5,4,4,4,3,1,1,2,1,3,4,5,4,1,5,5,5,3,4,3,3,4,3
2023/04/22 5:10:50 午後 GMT+9,女性,20,5,5,3,3,3,1,5,1,1,1,1,1,5,3,1,2,3,5,5,4,1,1,1,5,1,1,1,1,1,1,1,1,1,1,1,1,4,1,1,1,1,1,1,1,5,1,1,1,5,3,3,4,2,3,5,3,3,4,5,3,1,1,5,3,3,5,1,4,1,5,1,1,4,3,3,4,5,5,1,1,1,1,1,1,1,1,1,1,1,1,1,1,1,1,1,1
2023/04/22 5:13:23 午後 GMT+9,女性,28,5,4,2,3,3,5,5,5,3,3,4,3,5,3,2,4,3,5,4,3,2,1,3,5,3,3,4,4,3,3,5,5,2,3,5,5,5,4,5,1,1,5,3,4,5,1,3,5,5,3,4,1,2,5,5,5,4,4,5,5,3,4,5,4,2,5,1,5,2,5,1,3,5,5,3,4,5,5,5,3,4,2,2,5,5,3,3,5,5,5,4,5,3,2,4,4
2023/04/22 5:14:05 午後 GMT+9,その他,22,5,4,4,4,4,2,5,4,4,4,2,3,4,3,3,3,3,3,5,5,1,1,4,5,3,3,4,4,2,3,5,3,3,1,3,5,5,2,5,2,1,3,4,1,4,1,3,3,5,2,5,3,1,5,5,3,3,1,5,3,4,3,4,5,3,4,3,4,3,4,2,3,3,5,2,4,3,4,4,3,1,1,3,4,4,1,3,4,4,4,4,4,2,2,3,3
2023/04/22 5:14:42 午後 GMT+9,女性,25,5,5,1,5,1,1,5,5,1,5,1,3,5,5,1,4,2,1,1,4,1,1,5,4,2,3,4,2,2,2,4,3,1,1,1,5,5,5,1,1,1,1,5,1,1,1,4,5,5,1,1,5,1,1,4,3,3,4,5,5,4,5,4,4,4,4,1,5,4,1,3,3,5,4,1,2,5,4,1,1,1,1,1,1,5,4,1,1,4,3,3,5,1,1,1,1
2023/04/22 5:20:21 午後 GMT+9,女性,23,4,5,3,2,2,3,5,3,3,4,1,3,4,4,3,3,1,3,5,4,2,2,3,2,3,3,4,2,2,4,4,5,3,2,3,5,5,2,4,2,1,5,3,3,5,1,3,5,5,3,2,3,2,5,4,3,3,3,5,4,2,2,5,3,4,5,3,4,3,5,1,2,4,5,2,2,4,4,5,3,2,2,2,5,4,4,3,4,4,4,4,4,2,2,2,3
2023/04/22 5:20:47 午後 GMT+9,男性,20,5,5,3,5,5,4,4,5,5,5,3,4,3,3,3,3,3,3,5,5,5,3,5,5,3,4,4,1,4,3,5,4,4,2,5,5,3,3,3,3,3,3,3,3,5,1,1,5,5,3,4,3,3,4,4,5,4,5,5,5,3,3,3,3,3,3,2,5,5,1,3,3,3,3,3,3,3,3,3,3,3,3,3,3,5,5,5,5,5,5,3,3,3,3,3,3
2023/04/22 5:21:09 午後 GMT+9,女性,35,5,4,2,5,3,4,5,5,2,4,3,3,4,5,2,5,3,3,5,5,1,2,4,2,2,3,4,3,2,3,3,3,5,1,4,3,4,3,5,2,1,3,5,4,5,2,2,4,5,3,4,2,3,3,4,5,4,4,5,4,2,3,4,3,2,3,3,4,4,4,3,3,4,5,4,3,5,4,3,2,1,1,3,3,4,3,2,4,5,3,5,3,4,3,4,4
2023/04/22 5:30:41 午後 GMT+9,女性,30,4,5,4,4,2,2,5,4,3,5,2,5,5,3,4,3,2,3,4,5,2,2,4,5,3,1,4,2,3,1,5,4,2,1,5,5,5,2,5,1,1,2,3,4,5,1,1,3,5,2,4,2,2,4,3,4,4,1,5,2,4,3,5,1,2,3,2,3,4,1,1,2,5,4,2,4,2,2,4,4,1,1,1,1,5,2,2,4,5,1,4,3,2,1,1,2
2023/04/22 5:32:22 午後 GMT+9,男性,22,5,5,2,2,5,1,5,5,2,4,3,3,5,2,2,3,2,3,5,3,3,1,2,2,3,3,3,4,3,3,5,4,2,3,3,5,5,4,5,2,2,3,5,3,5,1,4,4,5,3,2,2,3,5,5,5,3,3,5,4,4,4,5,3,3,4,3,5,3,3,3,3,5,5,3,3,5,3,5,5,2,2,3,3,5,5,3,2,5,2,3,5,3,3,3,4
2023/04/22 5:37:04 午後 GMT+9,その他,1,5,4,3,1,2,4,4,4,2,1,2,4,4,4,1,1,2,5,5,4,2,1,2,4,5,4,4,2,2,4,5,5,1,1,4,5,5,5,5,1,2,4,5,3,5,1,2,4,5,5,3,1,3,5,5,5,3,4,5,5,5,5,5,1,2,4,3,4,1,1,1,2,5,5,3,2,5,5,5,5,3,1,2,3,4,5,3,2,5,5,5,5,2,1,3,3
2023/04/22 5:38:53 午後 GMT+9,女性,39,4,3,2,2,2,3,3,4,2,3,3,3,2,2,2,2,2,3,3,3,2,2,3,3,2,2,2,2,2,2,4,4,2,3,4,4,3,2,3,2,2,2,3,3,4,2,2,3,4,2,2,2,2,3,3,3,3,3,3,3,2,3,2,3,2,3,1,1,1,1,1,1,3,3,2,2,3,3,1,2,2,2,2,2,2,3,2,1,3,2,3,3,2,2,3,2
2023/04/22 5:39:29 午後 GMT+9,女性,24,3,1,1,1,1,1,5,5,3,5,4,5,4,3,2,1,1,4,1,1,1,1,1,1,1,1,1,1,1,1,4,4,2,1,2,4,4,1,4,1,1,3,1,1,1,1,1,1,1,1,1,1,1,1,2,4,3,4,4,1,1,1,1,1,1,1,1,1,1,1,1,1,1,1,1,1,1,1,1,1,1,1,1,1,3,4,3,5,5,5,4,4,1,1,1,3
2023/04/22 5:40:19 午後 GMT+9,男性,29,4,4,2,3,3,3,4,4,2,3,2,2,4,2,2,3,1,2,4,4,3,1,2,4,3,3,3,1,1,2,3,4,3,2,3,4,4,2,4,1,1,3,3,3,4,1,2,3,4,2,2,2,2,4,4,3,3,3,4,4,2,3,4,2,1,2,1,3,1,2,2,2,3,4,2,2,4,3,3,2,2,1,1,2,3,3,3,4,4,3,3,2,2,3,1,3
2023/04/22 5:42:48 午後 GMT+9,女性,28,4,4,3,2,2,3,4,4,1,3,2,2,4,3,2,3,1,3,4,3,2,2,2,4,3,2,3,2,1,2,3,3,2,1,3,4,3,2,3,1,1,2,3,2,4,1,2,3,3,1,3,2,1,4,3,2,3,2,4,4,2,2,2,3,3,3,2,3,2,3,2,2,3,2,2,3,3,2,4,3,2,1,1,3,3,1,2,3,3,3,3,3,2,2,2,2
2023/04/22 5:43:42 午後 GMT+9,男性,16,3,4,3,3,2,2,4,4,3,2,4,4,2,2,2,2,2,2,4,4,1,4,3,4,2,2,3,2,1,3,4,4,4,3,3,4,2,2,4,1,1,2,3,2,3,1,1,4,4,3,3,3,1,4,4,3,3,4,4,4,2,3,4,3,2,4,3,4,3,4,2,2,3,3,3,3,3,3,3,2,2,2,2,3,3,2,3,4,4,2,4,2,4,3,1,3
2023/04/22 5:43:43 午後 GMT+9,男性,37,4,4,2,3,3,3,4,4,2,4,2,2,4,3,2,2,2,4,3,4,1,1,3,3,2,2,3,2,1,2,4,3,1,2,4,4,3,1,4,2,1,1,4,3,3,3,3,3,4,2,3,2,2,3,3,3,1,3,4,3,2,3,4,2,3,3,2,3,3,3,1,2,3,4,2,3,4,3,3,3,1,2,1,2,2,2,2,3,4,1,3,2,1,2,2,2
2023/04/22 5:44:41 午後 GMT+9,男性,34,5,4,3,5,3,4,5,5,4,5,3,4,5,4,4,4,2,4,5,5,4,2,3,4,4,4,4,3,2,3,5,4,4,3,4,5,5,3,5,3,2,3,3,4,5,3,2,4,5,3,3,4,2,4,5,4,4,4,5,4,3,4,5,4,4,2,2,5,4,4,2,2,5,5,3,4,5,5,3,3,3,2,2,3,5,4,2,4,5,4,4,4,3,4,3,3
2023/04/22 5:47:07 午後 GMT+9,男性,29,5,5,3,2,4,2,4,5,3,4,2,2,4,3,3,2,2,2,5,5,3,1,3,2,2,3,3,3,1,3,4,3,2,1,3,3,3,1,4,1,1,1,2,3,4,1,1,3,5,3,4,1,1,5,4,3,3,1,4,4,1,3,4,3,2,4,1,3,2,2,1,2,3,2,2,1,3,4,3,2,2,1,3,2,3,2,3,2,3,3,2,3,1,2,2,3
2023/04/22 5:49:20 午後 GMT+9,女性,23,4,5,3,3,4,4,4,4,3,4,3,3,4,4,3,5,3,4,4,3,4,2,3,4,3,3,3,2,3,4,4,3,3,2,3,4,5,4,5,1,2,4,5,4,4,1,3,5,4,2,2,3,3,4,4,4,3,3,5,4,3,5,4,3,3,4,2,4,2,2,2,3,4,4,2,3,5,4,5,3,2,1,2,3,5,3,2,3,5,4,4,2,2,4,3,3
2023/04/22 5:54:19 午後 GMT+9,女性,22,5,4,3,3,3,3,5,5,2,5,2,1,3,3,1,3,3,2,5,4,4,3,3,3,2,2,4,3,2,2,5,5,3,2,4,5,4,1,5,1,1,1,3,2,5,1,1,3,5,3,4,5,3,4,3,3,3,2,5,3,3,2,5,3,3,3,2,4,2,3,3,2,3,3,1,3,5,3,4,1,4,1,1,1,3,1,3,2,5,4,2,2,2,2,2,4
2023/04/22 6:17:42 午後 GMT+9,男性,33,4,4,3,2,4,2,5,4,2,4,2,2,4,3,2,2,2,4,4,5,1,2,4,3,2,4,4,3,2,3,4,5,3,3,4,5,3,3,5,2,2,4,4,4,5,4,2,5,5,3,4,4,3,4,3,5,4,3,5,4,3,4,5,4,2,3,2,4,3,4,2,2,4,4,2,4,4,4,4,4,3,2,2,3,4,4,3,4,5,4,4,3,2,3,2,2
2023/04/22 6:22:31 午後 GMT+9,男性,28,4,4,2,1,2,4,4,4,2,4,2,1,4,4,1,2,2,3,4,4,1,1,2,4,3,4,3,4,2,3,4,4,3,2,4,4,4,2,4,1,1,2,4,4,4,1,2,4,4,4,2,2,3,4,4,4,4,3,4,4,2,4,4,2,2,4,2,3,1,3,2,2,4,4,4,3,4,4,4,4,1,1,1,3,4,3,3,1,4,4,3,3,3,2,4,4
2023/04/22 6:23:59 午後 GMT+9,男性,23,4,3,1,4,2,2,4,4,3,2,2,2,3,2,2,2,2,2,2,4,1,1,1,3,2,2,2,1,1,3,2,4,1,1,1,3,1,3,4,1,1,2,1,3,4,1,4,4,4,2,3,1,2,4,3,3,1,4,4,3,1,4,4,3,3,3,1,4,3,1,1,1,3,4,2,2,3,1,3,4,2,1,1,3,4,3,2,4,4,2,2,3,1,2,3,2
2023/04/22 6:27:30 午後 GMT+9,男性,20,5,5,2,3,4,2,5,4,3,4,4,4,5,4,3,4,2,4,5,5,3,1,3,5,3,3,4,3,3,2,4,4,2,2,5,5,4,3,5,1,1,4,3,3,5,1,2,4,5,3,5,1,1,5,3,4,1,5,5,3,3,4,5,2,3,2,1,5,3,4,1,2,4,4,3,4,5,3,1,5,3,1,2,2,3,4,2,3,5,3,3,3,3,3,3,3
2023/04/22 6:28:16 午後 GMT+9,男性,17,5,4,1,3,2,3,4,5,4,3,3,1,4,3,1,2,2,1,4,3,1,2,3,4,3,4,5,4,1,3,3,5,2,2,4,4,3,3,4,1,1,1,4,4,5,1,3,5,5,5,1,1,3,4,4,4,3,2,5,4,4,4,4,3,3,2,1,5,1,1,1,1,5,5,3,2,5,5,1,2,1,1,1,1,4,3,4,4,5,5,5,3,1,4,4,4
2023/04/22 6:31:25 午後 GMT+9,女性,26,4,4,2,3,2,1,4,4,2,3,2,2,3,2,3,3,2,2,4,3,2,1,3,3,2,2,2,2,2,2,2,2,2,2,2,2,4,2,3,2,2,2,3,1,1,1,1,4,4,1,2,2,1,3,2,3,4,1,3,3,2,2,2,2,2,2,2,2,2,2,2,2,3,2,1,3,4,2,3,1,1,1,1,1,3,1,2,3,4,3,3,2,2,3,2,3
2023/04/22 6:32:13 午後 GMT+9,女性,30,4,3,1,2,1,1,4,3,1,2,1,2,4,2,1,1,1,1,3,1,1,1,4,3,2,4,1,1,1,1,4,4,1,1,3,3,4,1,4,1,1,2,1,2,4,2,1,2,3,1,1,1,1,4,1,2,3,1,4,4,1,3,4,1,1,4,1,4,1,2,1,1,1,1,1,1,3,4,2,4,1,1,1,2,1,1,1,1,4,4,2,3,1,1,1,3
2023/04/22 6:43:55 午後 GMT+9,男性,17,4,4,1,2,2,4,4,3,1,2,2,3,4,2,1,1,1,2,4,3,1,1,3,4,4,3,2,1,1,2,4,4,1,1,1,3,4,1,4,1,1,1,4,4,4,1,4,4,4,3,2,1,2,4,3,3,2,1,4,3,3,4,4,3,3,3,2,4,3,2,2,1,4,3,2,3,4,3,4,3,3,1,2,3,3,3,1,3,4,4,3,4,2,3,3,3
2023/04/22 6:45:36 午後 GMT+9,女性,38,5,3,1,2,1,1,4,5,3,1,2,2,4,3,4,5,1,4,3,4,3,1,2,3,2,1,4,2,1,5,5,5,3,1,2,5,5,4,5,1,1,4,5,4,4,1,3,5,5,5,5,1,2,4,3,2,2,2,5,4,4,5,4,2,4,5,1,5,2,2,3,1,3,4,2,3,5,3,3,2,1,1,3,2,4,4,4,2,5,5,4,4,4,1,2,1
2023/04/22 6:46:35 午後 GMT+9,男性,17,4,4,1,4,3,4,4,3,1,4,2,2,4,2,2,1,1,2,4,3,1,1,4,4,3,3,3,1,1,2,4,4,1,1,2,3,4,1,4,1,1,1,4,4,4,1,4,1,4,3,1,1,3,3,4,4,1,1,4,2,3,4,3,3,3,3,2,4,1,4,2,3,4,4,1,2,4,4,4,2,1,1,3,4,3,3,1,4,4,2,4,4,1,4,1,3
2023/04/22 7:03:02 午後 GMT+9,男性,27,4,3,1,2,3,3,3,3,1,2,1,1,4,3,1,2,1,2,3,4,1,1,3,3,2,4,2,1,2,2,3,4,2,1,4,4,2,1,3,1,1,1,2,3,3,1,1,3,4,2,2,1,1,4,2,4,3,1,4,4,2,4,4,4,3,4,2,4,2,3,2,2,1,4,1,1,4,4,3,1,1,1,1,1,4,4,1,3,4,4,2,3,1,2,2,2
2023/04/22 7:07:53 午後 GMT+9,男性,25,4,4,1,3,2,1,4,3,1,3,2,2,4,1,1,2,1,3,4,2,2,1,1,4,1,3,3,1,3,4,3,3,1,1,3,4,3,2,4,1,1,4,2,4,3,2,3,3,4,1,2,1,1,4,2,2,4,1,4,4,3,3,4,2,3,4,2,4,2,3,2,2,3,2,3,2,4,3,3,4,1,1,2,3,3,2,1,1,4,3,3,2,2,2,2,2
2023/04/22 7:10:05 午後 GMT+9,男性,22,4,5,1,1,1,3,5,5,2,4,3,3,4,2,1,1,1,1,5,5,2,1,4,4,3,3,4,2,2,1,4,5,2,1,5,5,4,1,4,1,1,3,2,1,5,1,1,3,5,1,1,1,1,5,4,3,3,3,4,5,2,2,5,1,3,4,2,5,4,4,1,3,4,3,2,1,4,4,4,4,1,1,3,4,4,4,2,3,5,4,2,4,3,1,2,3
2023/04/22 7:10:46 午後 GMT+9,男性,26,5,5,2,3,3,2,5,5,2,5,2,2,5,4,1,2,1,1,5,5,2,2,3,3,4,2,4,3,4,3,4,5,2,2,3,5,5,2,4,2,2,2,4,2,4,2,2,4,5,4,4,2,2,4,4,4,4,2,5,4,3,3,4,4,3,5,2,5,2,3,2,4,4,4,2,2,5,5,4,4,2,1,4,5,5,4,4,4,5,4,5,5,4,2,3,4
2023/04/22 7:23:35 午後 GMT+9,男性,26,3,3,3,3,3,3,3,3,3,3,3,3,3,3,3,3,3,3,5,5,2,4,2,5,3,3,3,3,3,3,3,3,3,3,3,3,3,3,3,3,3,3,3,3,3,3,3,3,5,3,3,3,2,3,3,3,3,3,3,3,3,3,3,3,3,3,3,3,3,3,3,3,3,3,3,3,3,3,3,3,3,3,3,3,3,3,3,3,3,3,3,3,3,3,3,3
2023/04/22 7:32:45 午後 GMT+9,男性,27,4,5,4,4,3,2,5,4,3,4,3,1,4,4,2,3,3,4,3,4,4,5,4,3,3,5,4,2,3,4,4,5,3,3,4,5,4,2,5,3,2,2,4,4,3,1,2,4,5,3,4,3,3,5,4,5,3,4,5,3,4,4,4,4,4,4,1,5,3,3,4,4,4,4,2,4,4,5,5,3,3,1,3,5,4,3,4,4,5,4,3,4,4,5,3,3
2023/04/22 7:33:27 午後 GMT+9,男性,23,5,5,3,1,5,2,5,5,4,5,2,1,5,5,3,1,4,4,5,5,3,1,1,3,3,2,4,4,1,3,5,5,3,1,4,5,5,1,5,1,1,2,4,3,5,1,1,4,5,3,3,3,2,5,4,5,3,3,5,4,3,3,4,2,2,3,3,5,1,3,2,2,4,5,2,3,4,4,4,4,2,1,2,4,4,4,2,4,5,3,3,4,2,1,2,4
2023/04/22 7:44:46 午後 GMT+9,男性,26,1,1,4,2,3,5,1,1,3,2,4,4,1,2,4,3,4,4,2,2,4,2,2,4,4,3,1,2,4,3,1,3,4,3,4,1,1,4,2,4,4,2,3,4,1,4,4,2,1,3,4,2,3,2,3,2,3,1,1,2,3,2,1,2,2,1,4,1,2,1,3,3,1,1,3,2,2,1,4,2,3,3,3,3,3,3,3,2,1,2,3,2,3,3,4,3
2023/04/22 7:46:32 午後 GMT+9,男性,26,4,4,1,3,3,2,3,3,1,3,2,3,4,3,1,2,2,4,2,2,1,4,4,3,2,1,3,3,1,3,4,3,1,1,2,4,4,1,4,2,1,4,3,1,3,2,1,2,4,2,2,4,3,4,2,3,1,3,4,2,3,2,3,3,2,3,1,3,2,3,1,2,1,1,1,3,3,3,2,1,3,2,2,2,4,3,3,3,4,4,3,3,2,3,3,3
2023/04/22 7:51:45 午後 GMT+9,女性,25,5,5,4,3,5,3,5,5,3,5,4,3,4,3,3,1,2,3,5,5,3,4,1,5,3,3,5,1,2,4,5,5,3,2,5,5,4,2,5,1,1,2,5,5,5,1,4,5,5,3,5,5,3,5,5,5,5,5,5,5,4,3,5,2,4,3,3,5,4,5,3,3,4,4,3,2,5,4,3,4,2,1,2,1,3,3,1,5,5,5,4,5,3,4,3,5
2023/04/22 8:10:27 午後 GMT+9,女性,28,5,5,2,4,2,3,5,5,4,4,3,4,5,4,4,3,3,4,5,5,2,3,3,3,4,4,4,2,2,3,4,5,3,3,2,4,5,3,4,2,2,3,4,4,5,2,3,4,5,3,3,3,3,5,4,5,3,4,4,4,3,4,4,3,3,4,4,4,3,4,2,3,4,4,3,4,4,4,4,3,2,2,2,3,3,3,2,4,4,3,4,4,3,2,2,3
2023/04/22 8:13:36 午後 GMT+9,女性,31,1,2,3,2,2,3,1,2,3,1,2,2,1,2,4,2,3,2,2,2,4,2,1,1,2,2,2,2,3,2,1,1,3,3,1,1,1,2,1,3,3,2,3,2,1,3,3,2,1,2,3,2,3,1,2,1,3,1,1,2,2,2,1,2,3,2,3,1,3,2,3,3,2,1,3,3,1,2,3,2,3,4,3,2,2,3,3,2,1,2,2,2,3,2,2,3
2023/04/22 8:25:50 午後 GMT+9,女性,28,5,5,2,3,2,5,5,5,2,2,2,2,4,3,3,3,3,3,4,3,3,3,3,3,3,3,4,2,1,1,5,5,1,1,3,5,3,3,3,3,3,3,4,2,4,1,1,4,5,3,4,2,1,5,3,4,2,5,5,5,2,2,5,2,1,3,3,4,2,2,1,3,5,3,2,3,4,5,3,3,3,3,3,3,3,2,2,4,5,3,3,3,3,3,3,3
2023/04/22 8:25:52 午後 GMT+9,女性,28,4,4,3,3,3,3,4,4,2,2,3,4,4,4,2,2,2,3,4,4,2,2,4,4,3,4,2,2,3,3,4,4,2,3,4,4,4,4,4,2,3,4,4,4,4,1,2,4,4,4,3,3,3,4,3,4,3,3,4,4,3,4,3,3,4,4,3,4,2,2,2,3,4,4,2,3,4,3,3,4,1,1,3,4,3,3,2,2,4,4,3,4,2,3,3,4
2023/04/22 8:28:44 午後 GMT+9,女性,39,5,4,3,4,2,2,5,3,3,4,3,2,3,3,3,2,2,2,4,4,4,2,3,1,3,3,4,3,2,2,3,3,3,2,3,3,4,2,5,1,1,1,3,3,5,1,2,3,5,3,3,3,3,4,3,4,3,4,5,3,2,3,4,2,3,3,2,4,2,4,3,3,3,4,3,3,5,4,2,5,4,1,3,3,2,4,3,3,4,3,3,4,3,2,3,3
2023/04/22 8:33:16 午後 GMT+9,女性,19,5,5,2,3,3,4,5,5,3,4,2,3,4,5,3,3,3,3,3,4,3,2,5,3,2,5,5,2,2,4,5,5,3,2,5,5,5,5,5,1,1,5,5,3,5,1,1,5,5,4,2,3,2,5,4,3,4,4,5,4,3,4,5,2,2,5,1,5,3,2,2,1,3,5,2,3,3,4,4,4,1,2,3,5,4,1,1,3,5,3,4,5,1,3,3,4
2023/04/22 8:34:55 午後 GMT+9,女性,32,5,5,4,2,5,3,3,4,4,4,1,2,5,2,1,1,1,3,4,4,1,3,1,3,3,4,4,3,1,3,5,5,3,1,5,5,4,1,4,1,1,2,4,1,5,1,1,5,5,4,3,3,2,5,5,5,4,2,5,4,4,2,5,1,2,4,2,5,3,3,2,2,3,5,3,4,4,5,5,4,2,1,4,3,1,4,1,2,5,4,1,1,1,1,1,1
2023/04/22 8:36:15 午後 GMT+9,女性,20,4,3,3,2,1,2,3,3,2,3,1,1,3,3,2,1,1,1,3,2,3,1,2,2,2,3,2,1,1,3,4,3,2,1,2,3,2,2,4,1,1,2,2,2,4,1,3,3,4,1,2,2,1,4,3,5,3,4,5,4,2,3,4,3,1,2,2,4,1,2,1,1,4,3,2,1,4,3,3,2,3,1,1,3,4,2,1,4,4,3,4,1,1,3,2,2
2023/04/22 8:40:09 午後 GMT+9,女性,25,5,5,1,2,2,5,5,5,1,1,2,3,5,5,1,3,2,3,3,5,1,2,2,5,2,5,1,3,1,2,3,5,2,4,4,4,5,5,5,1,1,3,3,5,5,1,3,3,1,2,2,1,4,5,2,3,1,1,5,4,3,3,5,3,2,4,3,5,3,4,2,3,3,5,2,3,5,5,5,5,1,1,2,2,3,3,1,3,5,5,3,4,1,3,3,3
2023/04/22 8:47:42 午後 GMT+9,女性,24,4,5,4,5,4,3,4,5,5,3,4,2,5,4,2,2,2,4,4,5,3,3,5,5,2,2,5,5,3,2,5,5,4,3,3,4,5,2,5,2,2,3,2,2,5,2,2,3,5,2,4,2,2,5,5,3,5,5,5,4,5,3,4,2,3,4,3,3,3,3,3,3,5,4,2,4,4,5,3,3,3,3,3,3,3,3,3,3,3,3,3,3,3,3,3,3
2023/04/22 8:49:24 午後 GMT+9,男性,25,4,3,3,4,3,1,3,1,2,3,1,1,4,1,1,3,1,2,4,4,2,2,3,4,2,1,3,1,1,2,3,1,1,2,3,4,2,1,2,1,1,1,4,2,3,3,1,3,4,2,3,4,1,3,1,3,1,1,4,1,2,2,4,2,3,3,2,3,2,4,3,2,4,3,1,1,4,2,4,2,4,3,2,4,3,2,1,1,3,3,2,3,1,3,1,2
2023/04/22 8:53:38 午後 GMT+9,男性,18,3,4,2,4,3,2,4,3,2,1,1,2,4,1,1,3,1,4,4,2,1,1,4,4,2,4,3,1,1,2,3,3,3,1,1,2,4,1,3,1,1,4,3,2,3,1,2,2,4,2,4,2,1,4,2,3,4,1,4,2,3,2,4,2,2,2,1,4,4,3,1,3,4,4,2,2,4,4,2,3,2,1,1,3,3,2,2,1,4,2,3,2,2,2,1,2
2023/04/22 9:03:22 午後 GMT+9,男性,36,5,5,3,3,5,2,4,5,4,3,4,3,5,3,3,4,3,3,4,3,5,4,3,3,3,4,3,3,2,3,5,4,3,3,3,5,5,3,5,3,3,2,5,4,1,3,1,4,5,3,2,3,3,5,3,3,3,3,5,4,3,4,4,3,3,4,1,5,4,4,2,3,3,4,3,3,5,3,3,4,3,3,4,4,5,3,3,3,4,3,3,4,2,2,3,3
2023/04/22 9:04:17 午後 GMT+9,男性,22,5,3,3,4,5,5,4,4,3,3,4,3,4,3,3,3,3,3,5,3,3,3,4,4,3,4,4,4,3,3,4,3,3,3,3,4,4,3,4,3,3,4,4,2,4,2,3,3,4,3,3,4,3,4,4,3,3,3,4,4,3,3,4,4,3,3,3,3,4,4,3,3,4,3,3,4,4,4,3,3,3,3,3,4,3,3,3,3,4,3,3,3,4,3,4,3
2023/04/22 9:16:05 午後 GMT+9,男性,24,5,5,2,1,3,1,5,5,2,4,2,2,5,5,1,3,1,2,4,2,1,1,2,2,3,3,3,1,1,2,4,5,3,1,1,4,4,1,4,1,1,1,3,1,5,1,1,3,5,2,5,1,1,4,3,3,4,3,5,3,3,4,5,3,1,5,3,5,2,2,1,3,3,5,2,2,4,4,3,4,1,1,1,4,3,2,4,3,3,2,3,3,1,1,1,3
2023/04/22 9:20:46 午後 GMT+9,女性,26,5,5,3,4,3,3,5,5,4,5,4,3,4,3,2,2,3,2,5,4,4,2,4,5,3,3,4,3,2,2,4,5,2,1,5,5,5,1,5,1,1,3,4,3,4,3,3,3,5,2,4,4,2,5,5,4,3,3,5,4,2,3,4,4,4,3,2,3,4,4,2,3,4,3,2,4,4,4,4,2,1,1,2,2,4,4,3,5,5,4,3,4,2,2,2,3
2023/04/22 9:21:37 午後 GMT+9,女性,23,3,3,2,2,3,3,4,3,2,4,2,3,3,3,2,2,2,3,2,3,1,3,3,2,2,3,3,2,2,3,4,3,2,2,3,4,3,2,3,2,3,3,3,2,4,1,2,3,3,4,2,2,3,4,3,4,2,4,3,3,4,2,4,2,2,3,2,4,2,2,3,2,3,4,2,2,4,3,2,4,1,2,3,3,2,3,2,2,3,2,2,2,2,2,3,2
2023/04/22 9:30:10 午後 GMT+9,男性,30,5,5,3,2,3,3,5,5,3,3,3,4,4,3,2,1,2,3,4,4,3,4,4,5,4,4,4,3,3,4,4,4,3,4,4,4,4,2,4,1,1,4,5,4,4,4,4,4,5,3,3,2,2,4,4,4,4,4,4,5,4,3,3,3,4,4,3,4,3,3,3,4,4,5,4,3,4,4,3,2,2,2,3,3,3,3,3,3,3,3,3,3,3,3,3,3
2023/04/22 9:40:42 午後 GMT+9,男性,31,5,5,3,3,3,2,5,5,4,4,3,3,4,4,3,2,2,3,5,4,3,2,2,3,3,4,4,3,3,4,5,4,4,3,4,5,4,3,5,3,3,4,4,3,5,2,4,5,5,3,4,3,3,5,4,4,3,4,5,5,3,4,4,4,4,4,3,4,4,4,3,4,4,4,4,4,5,5,3,4,4,2,4,3,4,4,4,4,5,4,3,4,3,4,3,5
2023/04/22 9:42:53 午後 GMT+9,男性,40,5,5,2,2,2,2,4,4,2,3,3,4,3,4,3,2,3,3,4,4,2,4,4,3,2,3,2,3,2,2,3,4,2,2,3,4,3,2,4,3,2,2,4,3,5,3,3,4,4,2,3,4,3,5,4,3,3,3,3,2,4,3,4,4,3,4,3,3,2,4,2,3,4,5,2,3,4,4,5,2,2,2,2,4,4,3,3,3,2,3,3,4,3,2,4,3
2023/04/22 9:46:06 午後 GMT+9,女性,30,5,5,3,4,4,1,5,5,3,4,3,3,3,3,3,3,3,3,5,3,2,3,2,3,4,3,4,4,3,3,4,5,3,3,5,5,4,1,5,2,1,2,3,3,5,3,4,4,5,2,3,3,3,3,4,3,4,4,5,3,3,3,4,4,4,4,3,4,2,5,3,3,3,4,3,4,5,3,4,3,1,3,3,2,4,3,3,5,5,5,3,4,3,3,3,3
2023/04/22 9:52:45 午後 GMT+9,男性,26,5,5,5,5,5,5,5,5,5,3,2,4,4,3,3,2,2,3,4,3,3,3,3,2,3,3,3,1,2,2,5,5,4,3,4,5,4,2,3,3,1,2,3,2,4,1,1,3,4,2,3,4,2,4,4,5,3,4,5,5,4,4,4,4,2,3,5,5,3,5,2,4,4,5,5,5,5,5,1,1,1,1,1,1,1,1,1,1,1,1,5,4,3,3,3,3
2023/04/22 10:03:48 午後 GMT+9,男性,17,5,4,5,2,2,3,5,5,2,4,4,3,4,5,5,4,2,3,5,5,1,2,2,3,3,5,4,4,2,3,5,5,5,2,4,5,5,1,5,1,1,2,5,4,5,2,4,5,5,5,3,3,3,5,5,5,3,4,5,4,5,3,5,2,3,4,3,5,2,3,3,3,4,4,5,4,4,3,5,2,1,1,2,2,5,4,3,5,5,4,5,4,3,4,3,4
2023/04/22 10:08:03 午後 GMT+9,女性,21,4,4,3,2,3,2,3,4,2,4,3,4,4,4,3,3,3,3,3,5,2,2,3,4,3,3,3,3,3,3,4,4,3,3,3,5,4,3,4,2,3,3,4,2,4,2,3,3,5,3,3,4,3,4,4,4,3,4,5,3,5,3,3,3,3,4,4,5,3,4,2,3,5,4,3,3,5,4,4,4,2,2,3,4,4,3,3,2,4,3,4,4,3,3,3,4
2023/04/22 10:10:21 午後 GMT+9,男性,26,5,5,2,3,4,5,5,5,4,2,3,4,3,3,3,3,3,3,4,5,1,1,5,2,2,3,5,1,2,5,3,5,3,1,5,5,5,3,4,1,1,4,2,3,5,1,1,5,5,4,3,1,4,5,5,4,2,1,5,5,2,5,5,3,2,4,1,5,5,2,1,1,2,3,4,1,5,5,1,1,1,1,2,5,1,1,1,2,5,4,4,2,3,1,4,3
2023/04/22 10:12:51 午後 GMT+9,男性,23,5,5,4,4,3,3,5,5,3,4,3,4,5,5,4,4,4,5,5,4,4,4,3,4,4,4,4,4,3,4,5,4,3,3,3,4,5,4,5,4,2,4,5,3,5,4,3,4,5,4,4,3,3,4,4,4,4,4,5,4,5,4,4,4,4,4,4,4,4,5,4,4,4,4,3,4,5,4,4,3,2,1,2,2,5,4,3,5,5,4,3,4,4,4,3,4
2023/04/22 10:21:16 午後 GMT+9,女性,17,5,4,2,2,3,3,5,5,2,4,2,3,5,3,3,2,2,4,4,4,3,2,4,3,4,3,4,4,2,3,5,4,3,2,3,5,4,3,5,2,2,3,3,3,4,2,2,5,5,3,3,2,2,5,4,3,3,3,5,3,3,3,5,3,2,4,4,5,3,3,3,3,4,4,3,3,5,4,4,3,2,1,3,4,5,3,2,2,4,3,4,3,2,3,4,4
2023/04/22 10:21:30 午後 GMT+9,女性,18,4,4,4,2,2,3,5,5,2,2,1,2,5,5,4,4,1,3,4,3,4,1,3,3,3,3,4,1,1,2,4,5,3,4,5,4,5,4,4,1,1,2,2,3,5,1,1,2,5,5,3,1,2,5,3,4,3,3,5,3,3,4,5,3,1,4,2,4,3,5,1,3,4,4,4,2,5,5,2,5,1,1,1,3,4,5,4,2,5,5,4,5,1,1,2,2
2023/04/22 10:26:23 午後 GMT+9,女性,17,5,5,2,4,4,4,5,5,1,4,3,3,5,3,1,3,2,3,2,3,1,1,5,2,3,3,3,3,3,3,5,5,2,2,3,5,5,1,5,1,1,5,5,3,4,1,1,5,5,2,1,3,2,5,5,4,3,4,5,4,5,4,5,4,5,5,3,5,2,4,1,3,4,4,1,1,5,5,3,5,1,1,2,2,3,3,3,5,5,4,3,3,3,4,3,4
2023/04/22 10:29:21 午後 GMT+9,女性,17,4,4,2,3,3,2,4,4,2,4,3,2,4,4,4,3,3,3,4,3,2,2,3,4,4,3,4,3,3,4,4,4,3,2,3,3,4,2,4,2,2,2,3,3,4,1,1,3,4,3,3,2,3,4,4,3,3,2,4,3,3,4,4,3,3,4,2,2,2,3,3,4,4,3,2,3,4,4,2,2,2,2,2,4,3,2,2,3,3,3,4,3,2,3,3,3
2023/04/22 10:30:10 午後 GMT+9,女性,20,5,5,2,4,3,4,5,5,3,4,3,3,3,3,2,4,3,3,4,2,3,2,1,3,3,3,4,4,2,3,5,4,2,4,5,5,5,3,5,2,1,3,5,4,5,2,2,5,5,3,4,5,4,5,3,5,2,4,5,4,4,3,5,3,3,4,1,4,1,3,2,2,3,4,2,4,4,5,3,3,3,1,4,3,3,3,1,3,5,3,3,4,1,4,3,3
2023/04/22 10:34:05 午後 GMT+9,男性,35,5,5,2,2,2,1,5,4,1,2,1,1,5,2,1,1,1,1,5,4,2,1,4,3,1,4,4,1,1,4,5,4,1,1,5,5,5,1,4,1,1,2,1,1,4,1,1,3,5,1,3,1,1,4,3,3,2,1,5,4,3,5,5,4,5,5,1,3,2,1,1,1,4,4,2,1,5,4,1,2,1,1,2,1,3,1,1,1,5,3,3,3,1,1,2,3
2023/04/22 10:42:16 午後 GMT+9,男性,26,5,5,1,4,1,5,5,4,3,2,1,4,4,3,3,1,1,2,5,5,2,4,3,3,4,4,3,2,2,3,4,4,2,2,3,3,4,2,2,1,1,3,4,2,5,1,1,5,5,2,2,1,2,5,3,4,5,4,5,3,2,3,5,3,2,3,1,5,3,4,2,4,3,5,4,2,5,5,2,5,2,1,1,4,5,5,4,4,5,5,4,3,1,1,1,1
2023/04/22 10:51:48 午後 GMT+9,男性,22,4,5,1,2,5,1,5,4,1,3,1,3,3,5,1,2,2,4,5,3,1,1,1,5,3,3,5,3,1,2,5,4,3,1,4,5,2,1,5,1,1,3,5,4,3,1,2,3,5,1,4,2,1,5,3,4,3,5,5,2,2,2,5,3,5,3,3,4,2,2,2,2,3,4,1,1,5,4,3,3,4,1,1,2,5,3,1,4,5,3,4,5,1,2,1,3
2023/04/22 11:06:24 午後 GMT+9,男性,41,5,4,2,2,5,4,5,5,1,4,3,4,5,4,1,4,2,3,4,4,1,2,4,5,3,4,4,3,3,2,5,3,4,1,4,5,5,3,5,1,1,3,4,4,4,1,3,5,5,3,4,1,2,5,3,5,4,3,5,5,3,4,5,4,4,3,3,5,3,5,3,3,4,5,4,4,5,5,3,3,4,1,3,3,4,3,4,4,5,4,4,3,3,3,4,4
2023/04/22 11:10:24 午後 GMT+9,女性,20,5,5,2,4,3,5,5,5,2,4,4,3,5,4,1,4,3,4,4,3,1,4,2,3,3,3,4,2,2,3,4,5,1,3,4,4,4,3,4,2,1,4,4,3,5,2,4,5,5,2,3,5,3,5,4,4,2,5,5,4,3,3,4,4,2,4,3,4,2,4,2,3,4,5,2,5,5,3,5,4,1,3,3,2,3,3,3,3,3,3,3,3,3,3,3,3
2023/04/22 11:17:42 午後 GMT+9,男性,24,5,5,3,3,4,1,5,5,3,5,3,3,3,3,3,3,3,3,4,4,4,2,4,3,4,3,4,3,3,3,5,4,3,3,4,5,3,3,5,3,3,3,3,3,4,3,3,3,5,3,4,3,3,3,4,4,3,3,4,4,3,5,5,5,3,3,3,4,4,3,3,3,4,4,4,3,4,3,4,4,3,3,3,3,3,3,3,3,3,3,3,3,3,3,3,3
2023/04/22 11:31:22 午後 GMT+9,女性,36,5,5,4,3,1,4,5,5,3,2,3,4,3,3,3,3,3,3,2,2,5,2,2,3,2,3,3,5,3,4,4,4,3,2,2,5,5,2,5,2,2,5,5,3,4,2,2,5,3,3,3,3,3,3,5,5,3,3,4,5,5,5,5,3,3,5,3,3,3,3,3,3,5,5,3,3,4,5,5,3,4,2,2,4,5,3,2,5,5,5,3,3,3,3,3,3
2023/04/22 11:53:04 午後 GMT+9,女性,23,5,5,4,4,3,2,4,4,2,5,2,3,5,4,2,4,3,5,3,5,2,3,3,2,3,3,4,4,2,3,4,4,2,2,3,4,4,2,5,1,1,1,3,4,5,2,3,4,5,3,4,3,2,5,4,4,4,3,5,5,2,3,5,4,2,3,3,4,4,2,2,2,3,4,3,2,4,3,4,2,1,1,1,2,3,4,4,5,5,4,4,5,2,3,3,4
2023/04/22 11:54:11 午後 GMT+9,男性,21,1,1,3,3,4,2,1,1,4,1,4,3,3,2,4,1,4,2,1,1,4,2,3,1,2,1,1,2,4,2,1,1,4,3,2,1,1,2,1,4,4,4,1,2,1,3,2,1,1,3,3,1,4,1,2,1,4,1,1,2,4,2,1,2,4,1,4,1,4,2,4,2,2,1,4,2,1,1,1,1,4,4,3,2,1,3,2,1,1,1,2,2,4,2,4,1
2023/04/23 12:00:08 午前 GMT+9,女性,25,5,5,3,3,4,3,5,5,3,4,1,3,3,4,3,3,3,3,4,4,3,3,2,4,3,4,5,4,1,2,5,5,3,1,3,5,5,2,5,1,1,3,4,3,5,1,3,4,5,3,4,3,2,3,4,3,3,3,5,4,2,3,5,2,2,3,1,4,3,3,1,3,3,3,3,3,4,4,3,2,2,1,1,2,3,3,3,4,5,4,3,2,2,2,1,3
2023/04/23 12:08:10 午前 GMT+9,男性,25,4,5,2,4,3,2,5,5,3,4,1,1,5,5,3,4,2,3,3,5,3,2,5,3,3,4,2,2,3,2,3,5,1,2,4,5,5,3,5,1,1,4,2,3,5,1,1,2,5,3,3,3,2,3,3,5,4,3,4,4,2,2,5,3,4,3,1,5,3,4,1,3,3,4,3,3,4,3,1,4,4,1,1,4,3,3,1,4,5,1,4,5,1,3,3,2
2023/04/23 12:11:11 午前 GMT+9,男性,31,4,3,2,1,1,4,3,3,3,2,2,4,2,2,1,1,1,2,4,4,2,3,2,3,2,3,3,2,2,2,4,2,3,2,3,4,3,1,4,1,1,2,3,2,4,1,2,3,4,2,4,3,1,4,3,4,3,3,4,4,2,2,2,2,2,2,2,3,3,3,1,2,3,4,3,3,3,3,1,2,2,1,2,2,3,3,3,3,4,4,3,3,2,3,2,3
2023/04/23 12:17:34 午前 GMT+9,男性,27,5,5,1,4,3,2,4,5,2,4,3,1,4,3,2,1,2,2,4,4,2,4,4,1,3,3,3,2,2,2,5,3,2,1,2,2,4,1,3,1,1,2,5,3,4,2,1,4,5,3,3,3,2,5,4,5,4,5,5,3,3,2,4,3,2,4,3,5,1,4,1,3,4,5,3,2,4,4,2,4,2,1,3,2,4,2,3,5,4,3,2,2,2,2,2,2
2023/04/23 12:17:36 午前 GMT+9,女性,23,4,2,2,1,4,4,3,4,2,1,1,3,4,2,3,3,1,1,3,4,1,1,1,4,3,3,3,1,1,2,3,4,1,1,3,4,4,1,4,1,1,3,3,4,4,2,1,2,3,3,2,1,1,4,2,3,1,3,4,3,2,3,4,2,1,3,1,4,2,2,1,2,3,3,2,2,2,3,2,3,1,1,1,2,3,2,1,1,4,4,2,3,2,2,3,2
2023/04/23 12:20:47 午前 GMT+9,男性,37,4,4,3,3,3,2,4,4,1,3,3,2,4,3,3,2,2,3,3,4,1,2,4,3,2,3,4,2,2,3,3,4,3,3,3,4,4,3,4,1,1,3,4,3,4,2,2,4,4,2,4,3,2,4,2,3,3,3,4,4,2,3,3,3,2,3,4,4,2,3,1,2,3,3,3,3,4,4,4,4,2,2,1,3,2,2,3,2,4,3,2,3,2,3,3,3
2023/04/23 12:44:54 午前 GMT+9,男性,27,5,4,3,5,2,4,5,5,2,5,3,4,5,5,4,2,2,1,5,4,2,2,3,4,3,4,4,4,2,4,4,5,4,2,3,2,3,4,5,1,1,2,3,3,5,1,2,4,4,3,3,3,2,5,3,4,3,3,4,4,2,4,5,4,2,5,2,5,3,4,3,3,4,4,3,3,3,4,4,5,4,1,3,3,3,3,3,4,5,3,4,2,3,3,2,2
2023/04/23 1:03:12 午前 GMT+9,女性,28,5,5,4,4,3,4,5,5,3,3,4,3,3,5,4,2,3,4,5,4,2,2,5,4,4,5,5,3,3,4,5,5,5,2,5,5,5,5,5,1,2,4,3,4,5,4,2,3,5,4,4,4,5,5,5,5,4,2,5,5,2,4,5,3,4,4,3,3,2,4,3,3,4,3,4,2,5,5,3,5,4,1,2,2,5,5,3,2,5,3,4,5,3,2,3,3
2023/04/23 1:07:41 午前 GMT+9,女性,37,5,5,1,2,3,3,5,2,1,3,1,3,5,5,3,4,1,5,5,2,1,1,1,3,3,3,3,3,1,5,5,5,1,1,4,5,5,3,5,1,1,2,5,5,5,1,1,5,5,1,3,4,1,5,3,4,1,4,5,5,3,4,4,1,4,2,1,4,1,4,1,1,3,5,2,4,5,5,3,4,1,1,1,3,5,2,1,4,5,4,4,3,1,1,1,3
2023/04/23 1:28:23 午前 GMT+9,女性,21,4,4,3,2,1,3,5,4,3,3,3,4,5,3,4,2,2,5,4,3,2,1,2,4,3,4,5,2,1,3,4,3,2,3,4,4,5,2,5,1,2,3,3,2,5,3,3,4,5,3,4,2,2,5,3,4,2,1,5,4,3,3,5,2,2,4,1,4,2,4,1,2,4,5,2,3,5,4,2,4,2,1,3,4,2,3,3,2,4,3,3,4,3,3,4,3
2023/04/23 1:33:44 午前 GMT+9,女性,30,5,4,2,2,2,3,4,5,2,2,2,3,5,3,2,1,1,3,4,4,1,1,3,5,3,5,4,3,1,3,3,5,4,4,3,2,2,3,5,3,1,2,1,4,5,2,3,3,3,2,4,1,1,5,3,2,3,5,5,3,2,4,5,5,2,1,1,5,3,5,2,2,3,3,3,4,5,2,2,4,2,3,4,4,3,4,3,4,5,1,3,4,2,4,2,3
2023/04/23 1:47:11 午前 GMT+9,男性,28,5,4,3,1,2,3,4,4,1,3,1,2,4,4,2,1,1,2,3,3,1,3,3,3,2,4,4,2,2,3,3,5,3,1,5,5,5,1,5,1,1,1,3,3,5,1,3,4,5,3,3,4,2,5,4,4,2,4,5,3,2,4,5,4,4,5,1,5,2,2,1,1,3,5,3,3,5,5,1,2,2,1,1,1,2,4,1,3,5,4,2,3,1,1,1,2
2023/04/23 1:57:29 午前 GMT+9,男性,30,5,5,3,3,4,5,5,5,2,5,2,4,5,4,1,2,2,5,5,4,2,2,1,5,4,5,3,3,2,4,5,5,2,2,2,5,4,3,5,1,1,2,5,3,5,1,1,5,5,2,3,2,1,5,4,5,4,3,5,4,3,4,5,2,1,5,3,4,3,5,2,3,4,5,3,3,5,4,3,5,1,1,2,5,3,2,2,3,5,4,4,4,2,3,2,4
2023/04/23 2:33:44 午前 GMT+9,女性,20,5,5,3,3,1,3,4,5,3,3,3,4,4,4,2,2,2,3,4,4,2,2,5,5,3,3,3,2,1,2,3,5,3,1,3,4,3,2,4,1,1,3,5,4,5,1,2,4,5,4,5,4,1,5,3,4,4,2,5,4,4,4,5,4,3,4,2,5,3,3,2,4,4,5,3,4,5,4,4,4,3,1,1,2,4,3,3,3,5,4,4,4,2,3,2,4
2023/04/23 11:58:29 午前 GMT+9,男性,23,5,5,2,3,3,3,5,5,2,2,4,4,4,5,1,2,2,3,3,5,2,1,5,4,3,3,4,1,1,3,5,4,2,2,4,5,3,3,4,1,1,5,4,2,5,1,1,5,5,3,4,2,4,4,2,4,2,1,5,5,1,4,5,5,2,5,1,5,4,4,1,1,3,5,2,2,5,4,2,5,1,1,4,5,3,3,1,4,5,3,3,4,1,1,1,3
2023/04/23 2:34:08 午後 GMT+9,男性,17,5,5,3,4,4,1,4,5,2,3,3,2,3,3,3,3,3,3,5,3,2,1,3,3,3,3,4,3,1,2,4,5,3,1,3,5,4,2,5,1,1,2,3,2,5,2,1,4,5,3,3,1,2,5,3,4,3,3,5,4,2,3,4,3,2,3,2,4,2,2,1,2,4,3,4,3,4,3,3,4,3,1,3,1,4,5,2,3,5,4,3,5,2,3,4,3
2023/04/23 2:58:18 午後 GMT+9,男性,35,5,5,5,5,5,5,5,5,5,5,5,4,5,5,5,5,4,5,4,5,5,4,5,4,4,4,5,3,4,4,5,5,2,4,5,5,5,4,5,2,3,4,5,3,5,1,4,3,5,4,4,2,5,5,4,5,5,2,5,5,4,5,5,3,3,4,3,5,4,3,3,5,5,5,3,4,5,5,5,5,2,2,4,4,3,3,4,2,5,3,1,5,4,3,3,3