作品,話数,ツイート数,普段比,トレンド,号数,月曜ツイート数,基準ツイート数,期間
#今週のワンピ,1021,1653,58%,NO DATA,2021年36・37号,1653,0,2021年
#今週のワンピ,1022,2110,74%,NO DATA,2021年38号,2110,0,2021年
#今週のワンピ,1023,3024,105%,NO DATA,2021年39号,3024,0,2021年
#今週のワンピ,1024,1947,68%,NO DATA,2021年40号,1947,0,2021年
#今週のワンピ,1025,1672,58%,NO DATA,2021年41号,1672,0,2021年
#今週のワンピ,1026,1777,62%,NO DATA,2021年43号,1777,0,2021年
#今週のワンピ,1027,1562,54%,NO DATA,2021年44号,1562,0,2021年
#今週のワンピ,1028,2329,81%,NO DATA,2021年45号,2329,0,2021年
#今週のワンピ,1029,1755,61%,NO DATA,2021年47号,1755,0,2021年
#今週のワンピ,1030,2048,71%,NO DATA,2021年48号,2048,0,2021年
#今週のワンピ,1031,3198,111%,NO DATA,2021年49号,3198,0,2021年
#今週のワンピ,1032,1884,66%,NO DATA,2021年51号,1884,0,2021年
#今週のワンピ,1033,3067,107%,NO DATA,2021年52号,3067,0,2021年
#今週のワンピ,1034,1785,62%,,2022年01号,1785,0,2022年
#今週のワンピ,1035,2717,95%,,2022年03・04号,2717,0,2022年
#今週のワンピ,1036,1951,68%,,2022年05・06号,1951,0,2022年
#今週のワンピ,1037,3095,108%,ゴムゴムの実,2022年07号,3095,0,2022年
#今週のワンピ,1038,2121,74%,,2022年09号,2121,0,2022年
#今週のワンピ,1039,2331,81%,,2022年10号,2331,0,2022年
#今週のワンピ,1040,3291,115%,,2022年11号,3291,0,2022年
#今週のワンピ,1041,2636,92%,,2022年13号,2636,0,2022年
#今週のワンピ,1042,2568,89%,,2022年14号,2568,0,2022年
#今週のワンピ,1043,5453,190%,"ジョイボーイ,次号休載,ゴムゴムの実",2022年15号,5453,0,2022年
#今週のワンピ,1044,9507,331%,"#今週のワンピ,ワンピース,ゴムゴムの実,ヒトヒトの実,One Piece,尾田先生,シャンクス,悪魔の実,チョッパー",2022年17号,9507,0,2022年
#今週のワンピ,1045,3173,111%,,2022年18号,3173,0,2022年
#今週のワンピ,1046,2200,77%,,2022年19号,2200,0,2022年
#今週のワンピ,1047,2187,76%,,2022年21・22号,2187,0,2022年
#今週のワンピ,1048,2025,71%,,2022年23号,2025,0,2022年
#今週のワンピ,1049,4021,140%,カイドウ,2022年24号,4021,0,2022年
#今週のワンピ,1050,3104,108%,,2022年26号,3104,0,2022年
#今週のワンピ,1051,5643,197%,"#今週のワンピ,モモの助,ヤマト仲間",2022年27号,5643,0,2022年
#今週のワンピ,1052,6642,231%,,2022年28号,6642,0,2022年
#今週のワンピ,1053,8706,303%,"#今週のワンピ,プルトン,お鶴さん",2022年29号,8706,0,2022年
#今週のワンピ,1054,8110,283%,"#今週のワンピ,バルトロメオ,ワンピース,ジャンプの表紙,シャンクス,食戟のサンジ,青山先生",2022年34号,8110,0,2022年
#今週のワンピ,1055,6866,239%,#今週のワンピ,2022年35号,6866,0,2022年
#今週のワンピ,1056,6290,219%,"#今週のワンピ,火の傷の男",2022年36・37号,6290,0,2022年
#今週のワンピ,1057,8016,279%,"#今週のワンピ,ワノ国編,パンクハザード,錦えもん",2022年38号,8016,0,2022年
#今週のワンピ,1058,8298,289%,"#今週のワンピ,ミホーク,クロコダイル,海兵狩り,クロスギルド",2022年39号,8298,0,2022年
#今週のワンピ,1059,10826,377%,"#今週のワンピ,ハンコック,ロッキーポート事件,パシフィスタ,セラフィム,レイリー,ルナーリア族,シャッキー,ベガパンク",2022年41号,10826,0,2022年
ヒロアカ本誌,322,7406,910%,NO DATA,2021年36・37号,7406,0,2021年
ヒロアカ本誌,323,1301,160%,NO DATA,2021年38号,1301,0,2021年
ヒロアカ本誌,324,4451,547%,NO DATA,2021年39号,4451,0,2021年
ヒロアカ本誌,325,1410,173%,NO DATA,2021年40号,1410,0,2021年
ヒロアカ本誌,326,734,90%,NO DATA,2021年42号,734,0,2021年
ヒロアカ本誌,327,2067,254%,NO DATA,2021年43号,2067,0,2021年
ヒロアカ本誌,328,708,87%,NO DATA,2021年44号,708,0,2021年
ヒロアカ本誌,329,418,51%,NO DATA,2021年45号,418,0,2021年
ヒロアカ本誌,330,531,65%,NO DATA,2021年46号,531,0,2021年
ヒロアカ本誌,331,392,48%,NO DATA,2021年48号,392,0,2021年
ヒロアカ本誌,332,418,51%,NO DATA,2021年49号,418,0,2021年
ヒロアカ本誌,333,659,81%,NO DATA,2021年50号,659,0,2021年
ヒロアカ本誌,334,435,53%,NO DATA,2021年51号,435,0,2021年
ヒロアカ本誌,335,6985,858%,NO DATA,2021年52号,6985,0,2021年
ヒロアカ本誌,336,8727,1072%,"ヒロアカ本誌,青山くん",2022年01号,8727,0,2022年
ヒロアカ本誌,337,3127,384%,葉隠ちゃん,2022年02号,3127,0,2022年
ヒロアカ本誌,338,1330,163%,,2022年03・04号,1330,0,2022年
ヒロアカ本誌,339,407,50%,ねじれちゃん,2022年05・06号,407,0,2022年
ヒロアカ本誌,340,781,96%,,2022年07号,781,0,2022年
ヒロアカ本誌,341,537,66%,トガちゃん,2022年08号,537,0,2022年
ヒロアカ本誌,342,840,103%,,2022年10号,840,0,2022年
ヒロアカ本誌,343,2516,309%,,2022年11号,2516,0,2022年
ヒロアカ本誌,344,1166,143%,"心操くん,ヒロアカ本誌",2022年12号,1166,0,2022年
ヒロアカ本誌,345,814,100%,,2022年13号,814,0,2022年
ヒロアカ本誌,346,582,71%,,2022年14号,582,0,2022年
ヒロアカ本誌,347,688,85%,トガちゃん,2022年15号,688,0,2022年
ヒロアカ本誌,348,674,83%,"クレープ半分こ,クソナード",2022年16号,674,0,2022年
ヒロアカ本誌,349,458,56%,,2022年17号,458,0,2022年
ヒロアカ本誌,350,632,78%,,2022年19号,632,0,2022年
ヒロアカ本誌,351,532,65%,,2022年21・22号,532,0,2022年
ヒロアカ本誌,352,1053,129%,,2022年24号,1053,0,2022年
ヒロアカ本誌,353,872,107%,,2022年25号,872,0,2022年
ヒロアカ本誌,354,987,121%,"郎ちゃん,常闇くん",2022年26号,987,0,2022年
ヒロアカ本誌,355,781,96%,"じろちゃん,郎ちゃん",2022年27号,781,0,2022年
ヒロアカ本誌,356,542,67%,エンデヴァー,2022年29号,542,0,2022年
ヒロアカ本誌,357,618,76%,,2022年30号,618,0,2022年
ヒロアカ本誌,358,758,93%,ヒロアカ,2022年31号,758,0,2022年
ヒロアカ本誌,359,1711,210%,"巻頭カラー,ビッグ3,かっちゃん,相澤先生",2022年33号,1711,0,2022年
ヒロアカ本誌,360,1352,166%,"かっちゃん,爆豪勝己,ヒロアカ",2022年34号,1352,0,2022年
ヒロアカ本誌,361,723,89%,"ねじれちゃん,ビッグ3,サンイーター",2022年35号,723,0,2022年
ヒロアカ本誌,362,9164,1126%,"かっちゃん,ヒロアカ本誌,堀越先生,ヒロアカ,hrak,爆豪勝己,最高のヒーロー,最大の見せ場,hrks先生,No.1ヒーロー,エリちゃん,カッチャン",2022年36・37号,9164,0,2022年
ヒロアカ本誌,363,2688,330%,,2022年38号,2688,0,2022年
ヒロアカ本誌,364,2744,337%,エッジショット,2022年39号,2744,0,2022年
ヒロアカ本誌,365,871,107%,,2022年40号,871,0,2022年
ブラクロ,304,188,49%,NO DATA,2021年39号,339,151,2021年
ブラクロ,305,577,152%,NO DATA,2021年41号,728,151,2021年
ブラクロ,306,300,79%,NO DATA,2021年42号,451,151,2021年
ブラクロ,307,646,170%,NO DATA,2021年43号,797,151,2021年
ブラクロ,308,393,103%,NO DATA,2021年45号,544,151,2021年
ブラクロ,309,315,83%,NO DATA,2021年46号,466,151,2021年
ブラクロ,310,183,48%,NO DATA,2021年47号,334,151,2021年
ブラクロ,311,185,49%,NO DATA,2021年48号,336,151,2021年
ブラクロ,312,441,116%,NO DATA,2021年49号,592,151,2021年
ブラクロ,313,593,156%,NO DATA,2021年50号,744,151,2021年
ブラクロ,314,347,91%,NO DATA,2021年51号,498,151,2021年
ブラクロ,315,491,129%,NO DATA,2021年52号,642,151,2021年
ブラクロ,316,380,100%,,2022年02号,539,159,2022年
ブラクロ,317,542,143%,,2022年03・04号,701,159,2022年
ブラクロ,318,637,168%,,2022年05・06号,796,159,2022年
ブラクロ,319,243,64%,,2022年07号,402,159,2022年
ブラクロ,320,248,65%,,2022年08号,407,159,2022年
ブラクロ,321,334,88%,,2022年09号,550,216,2022年
ブラクロ,322,404,106%,,2022年10号,613,209,2022年
ブラクロ,323,369,97%,,2022年11号,556,187,2022年
ブラクロ,324,305,80%,,2022年12号,470,165,2022年
ブラクロ,325,408,107%,,2022年14号,560,152,2022年
ブラクロ,326,3136,825%,,2022年15号,3302,166,2022年
ブラクロ,327,269,71%,,2022年16号,845,576,2022年
ブラクロ,328,623,164%,,2022年18号,1078,455,2022年
ブラクロ,329,114,30%,,2022年19号,588,474,2022年
ブラクロ,330,369,97%,,2022年20号,738,369,2022年
ブラクロ,331,3171,834%,ブラクロ,2022年21・22号,4086,915,2022年
ブラクロ,332,1729,455%,,2022年35号,1884,155,2022年
ブラクロ,333,359,94%,,2022年36・37号,579,220,2022年
ブラクロ,334,583,153%,,2022年38号,735,152,2022年
ブラクロ,335,379,100%,,2022年39号,548,169,2022年
ブラクロ,336,446,117%,,2022年40号,605,159,2022年
ブラクロ,337,893,235%,,2022年41号,1097,204,2022年
ドクスト,206,892,109%,NO DATA,2021年36・37号,994,102,2021年
ドクスト,207,791,97%,NO DATA,2021年38号,893,102,2021年
ドクスト,208,631,77%,NO DATA,2021年39号,733,102,2021年
ドクスト,209,1307,160%,NO DATA,2021年40号,1409,102,2021年
ドクスト,210,843,103%,NO DATA,2021年41号,945,102,2021年
ドクスト,211,621,76%,NO DATA,2021年42号,723,102,2021年
ドクスト,212,1396,171%,NO DATA,2021年43号,1498,102,2021年
ドクスト,213,875,107%,NO DATA,2021年45号,977,102,2021年
ドクスト,214,424,52%,NO DATA,2021年46号,526,102,2021年
ドクスト,215,602,74%,NO DATA,2021年47号,704,102,2021年
ドクスト,216,389,48%,NO DATA,2021年48号,491,102,2021年
ドクスト,217,570,70%,NO DATA,2021年49号,672,102,2021年
ドクスト,218,510,62%,NO DATA,2021年50号,612,102,2021年
ドクスト,219,361,44%,NO DATA,2021年51号,463,102,2021年
ドクスト,220,645,79%,NO DATA,2021年52号,747,102,2021年
ドクスト,221,1101,135%,,2022年01号,1241,140,2022年
ドクスト,222,435,53%,,2022年02号,575,140,2022年
ドクスト,223,889,109%,,2022年03・04号,1029,140,2022年
ドクスト,224,865,106%,,2022年05・06号,1005,140,2022年
ドクスト,225,516,63%,,2022年07号,656,140,2022年
ドクスト,226,391,48%,,2022年08号,531,140,2022年
ドクスト,227,2323,284%,"ホワイマン,ホワイマンの正体,Dr.STONE,ドクスト",2022年09号,2473,150,2022年
ドクスト,228,1594,195%,"Dr.STONE,ドクスト",2022年10号,1774,180,2022年
ドクスト,229,1271,156%,,2022年11号,1443,172,2022年
ドクスト,230,629,77%,,2022年12号,810,181,2022年
ドクスト,231,2001,245%,ドクスト,2022年13号,2151,150,2022年
ドクスト,232,11913,1458%,"Dr.STONE,ドクスト,ドクスト完結,ドクターストーン,dcst,連載完結",2022年14号,12174,261,2022年
ドクスト,,2908,356%,"Dr.STONE,ドクスト",2022年31号,3106,198,2022年
呪術本誌,154,1701,103%,NO DATA,2021年36・37号,1701,0,2021年
呪術本誌,155,1370,83%,NO DATA,2021年38号,1370,0,2021年
呪術本誌,156,1719,104%,NO DATA,2021年39号,1719,0,2021年
呪術本誌,157,1492,90%,NO DATA,2021年40号,1492,0,2021年
呪術本誌,158,2256,136%,NO DATA,2021年41号,2256,0,2021年
呪術本誌,159,1129,68%,NO DATA,2021年42号,1129,0,2021年
呪術本誌,160,2427,146%,NO DATA,2021年43号,2427,0,2021年
呪術本誌,161,1369,83%,NO DATA,2021年44号,1369,0,2021年
呪術本誌,162,939,57%,NO DATA,2021年46号,939,0,2021年
呪術本誌,163,1290,78%,NO DATA,2021年47号,1290,0,2021年
呪術本誌,164,1436,87%,NO DATA,2021年48号,1436,0,2021年
呪術本誌,165,1903,115%,NO DATA,2021年50号,1903,0,2021年
呪術本誌,166,1663,100%,NO DATA,2021年51号,1663,0,2021年
呪術本誌,167,1169,70%,,2022年01号,1169,0,2022年
呪術本誌,168,2186,132%,,2022年02号,2186,0,2022年
呪術本誌,169,929,56%,,2022年03・04号,929,0,2022年
呪術本誌,170,1049,63%,,2022年05・06号,1049,0,2022年
呪術本誌,171,1091,66%,,2022年07号,1091,0,2022年
呪術本誌,172,938,57%,,2022年08号,938,0,2022年
呪術本誌,173,3486,210%,乙骨先輩,2022年09号,3486,0,2022年
呪術本誌,174,3726,225%,乙骨先輩,2022年10号,3726,0,2022年
呪術本誌,175,2394,144%,"乙骨先輩,マウストゥマウス,反転術式,乙骨パイセン",2022年12号,2394,0,2022年
呪術本誌,176,1446,87%,,2022年13号,1446,0,2022年
呪術本誌,177,1495,90%,"乙骨先輩,乙骨くん,リカちゃん",2022年14号,1495,0,2022年
呪術本誌,178,2841,171%,"領域展開,乙骨先輩",2022年16号,2841,0,2022年
呪術本誌,179,1321,80%,,2022年17号,1321,0,2022年
呪術本誌,180,1654,100%,,2022年18号,1654,0,2022年
呪術本誌,181,1887,114%,三輪ちゃん,2022年20号,1887,0,2022年
呪術本誌,182,1152,69%,領域展開,2022年21・22号,1152,0,2022年
呪術本誌,183,2430,147%,,2022年23号,2430,0,2022年
呪術本誌,184,1744,105%,パンダ先輩,2022年24号,1744,0,2022年
呪術本誌,185,2545,153%,,2022年25号,2545,0,2022年
呪術本誌,186,1908,115%,"金ちゃん,領域展開",2022年26号,1908,0,2022年
呪術本誌,187,1545,93%,,2022年28号,1545,0,2022年
呪術本誌,188,1272,77%,金ちゃん,2022年29号,1272,0,2022年
呪術本誌,189,1312,79%,,2022年30号,1312,0,2022年
呪術本誌,190,2803,169%,真希さん,2022年32号,2803,0,2022年
呪術本誌,191,3923,237%,"呪術本誌,直哉くん,真希さん,禪院直哉,ドブカス",2022年33号,3923,0,2022年
呪術本誌,192,1560,94%,直哉くん,2022年35号,1560,0,2022年
呪術本誌,193,1385,84%,"マッハ3,直哉くん,真希さん",2022年36・37号,1385,0,2022年
呪術本誌,194,2555,154%,,2022年38号,2555,0,2022年
呪術本誌,195,2341,141%,DX日輪刀,2022年39号,2341,0,2022年
呪術本誌,196,1878,113%,真希さん,2022年40号,1878,0,2022年
呪術本誌,197,1751,106%,"直哉くん,領域展開",2022年41号,1751,0,2022年
夜桜さんちの大作戦,93,143,170%,NO DATA,2021年36・37号,159,16,2021年
夜桜さんちの大作戦,94,166,198%,NO DATA,2021年38号,182,16,2021年
夜桜さんちの大作戦,95,112,133%,NO DATA,2021年39号,128,16,2021年
夜桜さんちの大作戦,96,99,118%,NO DATA,2021年40号,115,16,2021年
夜桜さんちの大作戦,97,117,139%,NO DATA,2021年41号,133,16,2021年
夜桜さんちの大作戦,98,109,130%,NO DATA,2021年42号,125,16,2021年
夜桜さんちの大作戦,99,244,290%,NO DATA,2021年43号,260,16,2021年
夜桜さんちの大作戦,100,862,1026%,NO DATA,2021年44号,878,16,2021年
夜桜さんちの大作戦,101,143,170%,NO DATA,2021年45号,159,16,2021年
夜桜さんちの大作戦,102,247,294%,NO DATA,2021年46号,263,16,2021年
夜桜さんちの大作戦,103,291,346%,NO DATA,2021年47号,307,16,2021年
夜桜さんちの大作戦,104,107,127%,NO DATA,2021年48号,123,16,2021年
夜桜さんちの大作戦,105,92,110%,NO DATA,2021年49号,108,16,2021年
夜桜さんちの大作戦,106,99,118%,NO DATA,2021年50号,115,16,2021年
夜桜さんちの大作戦,107,57,68%,NO DATA,2021年51号,73,16,2021年
夜桜さんちの大作戦,108,109,130%,NO DATA,2021年52号,125,16,2021年
夜桜さんちの大作戦,109,103,123%,,2022年01号,116,13,2022年
夜桜さんちの大作戦,110,158,188%,,2022年02号,171,13,2022年
夜桜さんちの大作戦,111,53,63%,,2022年03・04号,66,13,2022年
夜桜さんちの大作戦,112,223,265%,,2022年05・06号,236,13,2022年
夜桜さんちの大作戦,113,67,80%,,2022年07号,96,29,2022年
夜桜さんちの大作戦,114,72,86%,,2022年08号,101,29,2022年
夜桜さんちの大作戦,115,82,98%,,2022年09号,95,13,2022年
夜桜さんちの大作戦,116,103,123%,,2022年10号,115,12,2022年
夜桜さんちの大作戦,117,65,77%,,2022年11号,84,19,2022年
夜桜さんちの大作戦,118,86,102%,,2022年12号,105,19,2022年
夜桜さんちの大作戦,119,39,46%,,2022年13号,62,23,2022年
夜桜さんちの大作戦,120,137,163%,,2022年14号,167,30,2022年
夜桜さんちの大作戦,121,52,62%,,2022年15号,80,28,2022年
夜桜さんちの大作戦,122,46,55%,,2022年16号,71,25,2022年
夜桜さんちの大作戦,123,53,63%,,2022年17号,65,12,2022年
夜桜さんちの大作戦,124,88,105%,,2022年18号,107,19,2022年
夜桜さんちの大作戦,125,218,260%,,2022年19号,230,12,2022年
夜桜さんちの大作戦,126,39,46%,,2022年20号,57,18,2022年
夜桜さんちの大作戦,127,47,56%,,2022年21・22号,169,122,2022年
夜桜さんちの大作戦,128,117,139%,,2022年23号,153,36,2022年
夜桜さんちの大作戦,129,88,105%,,2022年24号,118,30,2022年
夜桜さんちの大作戦,130,69,82%,,2022年25号,91,22,2022年
夜桜さんちの大作戦,131,73,87%,,2022年26号,90,17,2022年
夜桜さんちの大作戦,132,139,165%,,2022年27号,180,41,2022年
夜桜さんちの大作戦,133,54,64%,,2022年28号,74,20,2022年
夜桜さんちの大作戦,134,41,49%,,2022年29号,50,9,2022年
夜桜さんちの大作戦,135,81,96%,,2022年30号,94,13,2022年
夜桜さんちの大作戦,136,71,85%,,2022年31号,82,11,2022年
夜桜さんちの大作戦,137,72,86%,,2022年32号,83,11,2022年
夜桜さんちの大作戦,138,44,52%,,2022年33号,59,15,2022年
夜桜さんちの大作戦,139,40,48%,,2022年34号,51,11,2022年
夜桜さんちの大作戦,140,50,60%,,2022年35号,61,11,2022年
夜桜さんちの大作戦,141,48,57%,,2022年36・37号,59,11,2022年
夜桜さんちの大作戦,142,54,64%,,2022年38号,59,5,2022年
夜桜さんちの大作戦,143,64,76%,,2022年39号,78,14,2022年
夜桜さんちの大作戦,144,122,145%,,2022年40号,138,16,2022年
夜桜さんちの大作戦,145,65,77%,,2022年41号,81,16,2022年
アンデラ,74,1007,105%,NO DATA,2021年36・37号,1046,39,2021年
アンデラ,75,687,71%,NO DATA,2021年38号,726,39,2021年
アンデラ,76,993,103%,NO DATA,2021年39号,1032,39,2021年
アンデラ,77,1494,155%,NO DATA,2021年40号,1533,39,2021年
アンデラ,78,1622,168%,NO DATA,2021年41号,1661,39,2021年
アンデラ,79,1877,195%,NO DATA,2021年42号,1916,39,2021年
アンデラ,80,1163,121%,NO DATA,2021年43号,1202,39,2021年
アンデラ,81,2093,217%,NO DATA,2021年44号,2132,39,2021年
アンデラ,82,956,99%,NO DATA,2021年45号,995,39,2021年
アンデラ,83,962,100%,NO DATA,2021年46号,1001,39,2021年
アンデラ,84,1011,105%,NO DATA,2021年47号,1050,39,2021年
アンデラ,85,928,96%,NO DATA,2021年48号,967,39,2021年
アンデラ,86,1064,110%,NO DATA,2021年49号,1103,39,2021年
アンデラ,87,911,95%,NO DATA,2021年50号,950,39,2021年
アンデラ,88,838,87%,NO DATA,2021年51号,877,39,2021年
アンデラ,89,838,87%,NO DATA,2021年52号,877,39,2021年
アンデラ,90,1236,128%,,2022年01号,1324,88,2022年
アンデラ,91,932,97%,,2022年02号,1020,88,2022年
アンデラ,92,579,60%,,2022年03・04号,667,88,2022年
アンデラ,93,1178,122%,,2022年05・06号,1266,88,2022年
アンデラ,94,3808,395%,アンデラ,2022年07号,3896,88,2022年
アンデラ,95,2025,210%,アンデラ,2022年08号,2113,88,2022年
アンデラ,96,559,58%,,2022年09号,687,128,2022年
アンデラ,97,805,84%,,2022年10号,900,95,2022年
アンデラ,98,1202,125%,,2022年11号,1285,83,2022年
アンデラ,99,620,64%,,2022年12号,677,57,2022年
アンデラ,100,535,56%,,2022年13号,585,50,2022年
アンデラ,101,791,82%,,2022年14号,857,66,2022年
アンデラ,102,599,62%,,2022年15号,645,46,2022年
アンデラ,103,309,32%,,2022年16号,354,45,2022年
アンデラ,104,332,34%,,2022年17号,356,24,2022年
アンデラ,105,403,42%,,2022年18号,432,29,2022年
アンデラ,106,727,75%,,2022年19号,765,38,2022年
アンデラ,107,967,100%,,2022年20号,1005,38,2022年
アンデラ,108,1122,116%,,2022年21・22号,1170,48,2022年
アンデラ,109,1092,113%,,2022年23号,1169,77,2022年
アンデラ,110,1505,156%,アンデラ,2022年24号,1554,49,2022年
アンデラ,111,965,100%,,2022年25号,1022,57,2022年
アンデラ,112,744,77%,,2022年26号,787,43,2022年
アンデラ,113,1168,121%,アンデラ,2022年27号,1213,45,2022年
アンデラ,114,1196,124%,アンデラ,2022年28号,1238,42,2022年
アンデラ,115,574,60%,,2022年29号,622,48,2022年
アンデラ,116,606,63%,,2022年30号,654,48,2022年
アンデラ,117,1105,115%,,2022年31号,1152,47,2022年
アンデラ,118,815,85%,,2022年32号,867,52,2022年
アンデラ,119,1125,117%,"ビリー様,アンデラ",2022年33号,1165,40,2022年
アンデラ,120,1363,141%,アンデラ,2022年34号,1419,56,2022年
アンデラ,121,957,99%,,2022年35号,1038,81,2022年
アンデラ,122,997,103%,,2022年36・37号,1038,41,2022年
アンデラ,123,2159,224%,アンデラ,2022年38号,2218,59,2022年
アンデラ,124,9524,988%,"アンデラアニメ化,アンデッドアンラック",2022年39号,9633,109,2022年
アンデラ,125,580,60%,,2022年40号,799,219,2022年
アンデラ,126,605,63%,,2022年41号,680,75,2022年
マッシュル,73,630,168%,NO DATA,2021年36・37号,704,74,2021年
マッシュル,74,785,210%,NO DATA,2021年38号,859,74,2021年
マッシュル,75,345,92%,NO DATA,2021年39号,419,74,2021年
マッシュル,76,425,113%,NO DATA,2021年40号,499,74,2021年
マッシュル,77,363,97%,NO DATA,2021年41号,437,74,2021年
マッシュル,78,259,69%,NO DATA,2021年42号,333,74,2021年
マッシュル,79,553,148%,NO DATA,2021年43号,627,74,2021年
マッシュル,80,1009,269%,NO DATA,2021年44号,1083,74,2021年
マッシュル,81,391,104%,NO DATA,2021年45号,465,74,2021年
マッシュル,82,404,108%,NO DATA,2021年46号,478,74,2021年
マッシュル,83,440,117%,NO DATA,2021年47号,514,74,2021年
マッシュル,84,286,76%,NO DATA,2021年49号,360,74,2021年
マッシュル,85,749,200%,NO DATA,2021年50号,823,74,2021年
マッシュル,86,411,110%,NO DATA,2021年51号,485,74,2021年
マッシュル,87,538,144%,NO DATA,2021年52号,612,74,2021年
マッシュル,88,524,140%,,2022年01号,586,62,2022年
マッシュル,89,257,69%,,2022年02号,319,62,2022年
マッシュル,90,486,130%,,2022年03・04号,548,62,2022年
マッシュル,91,288,77%,,2022年05・06号,350,62,2022年
マッシュル,92,423,113%,,2022年07号,485,62,2022年
マッシュル,93,732,195%,,2022年08号,794,62,2022年
マッシュル,94,143,38%,,2022年09号,263,120,2022年
マッシュル,95,267,71%,,2022年10号,336,69,2022年
マッシュル,96,613,164%,,2022年11号,686,73,2022年
マッシュル,97,404,108%,,2022年12号,460,56,2022年
マッシュル,98,217,58%,,2022年13号,284,67,2022年
マッシュル,99,386,103%,,2022年14号,472,86,2022年
マッシュル,100,204,54%,,2022年15号,298,94,2022年
マッシュル,101,415,111%,,2022年16号,510,95,2022年
マッシュル,102,184,49%,,2022年18号,239,55,2022年
マッシュル,103,552,147%,,2022年19号,609,57,2022年
マッシュル,104,1234,330%,,2022年20号,1302,68,2022年
マッシュル,105,84,22%,,2022年21・22号,510,426,2022年
マッシュル,106,102,27%,,2022年23号,266,164,2022年
マッシュル,107,86,23%,,2022年24号,196,110,2022年
マッシュル,108,169,45%,,2022年25号,238,69,2022年
マッシュル,109,492,131%,,2022年26号,561,69,2022年
マッシュル,110,249,66%,,2022年27号,318,69,2022年
マッシュル,111,337,90%,,2022年28号,385,48,2022年
マッシュル,112,289,77%,,2022年29号,328,39,2022年
マッシュル,113,1033,276%,,2022年30号,1084,51,2022年
マッシュル,114,12237,3268%,マッシュルアニメ化,2022年31号,12307,70,2022年
マッシュル,115,93,25%,,2022年32号,306,213,2022年
マッシュル,116,272,73%,,2022年33号,363,91,2022年
マッシュル,117,215,57%,,2022年34号,296,81,2022年
マッシュル,118,280,75%,,2022年35号,356,76,2022年
マッシュル,119,455,121%,,2022年36・37号,548,93,2022年
マッシュル,120,229,61%,,2022年38号,280,51,2022年
マッシュル,121,525,140%,,2022年39号,583,58,2022年
マッシュル,122,311,83%,,2022年40号,384,73,2022年
マッシュル,123,346,92%,,2022年41号,416,70,2022年
あやトラ,55,127,70%,NO DATA,2021年36・37号,137,10,2021年
あやトラ,56,96,53%,NO DATA,2021年38号,106,10,2021年
あやトラ,57,99,54%,NO DATA,2021年39号,109,10,2021年
あやトラ,58,105,58%,NO DATA,2021年40号,115,10,2021年
あやトラ,59,82,45%,NO DATA,2021年41号,92,10,2021年
あやトラ,60,181,99%,NO DATA,2021年42号,191,10,2021年
あやトラ,61,59,32%,NO DATA,2021年43号,69,10,2021年
あやトラ,62,121,66%,NO DATA,2021年44号,131,10,2021年
あやトラ,63,88,48%,NO DATA,2021年45号,98,10,2021年
あやトラ,64,157,86%,NO DATA,2021年46号,167,10,2021年
あやトラ,65,165,90%,NO DATA,2021年47号,175,10,2021年
あやトラ,66,56,31%,NO DATA,2021年48号,66,10,2021年
あやトラ,67,171,94%,NO DATA,2021年49号,181,10,2021年
あやトラ,68,485,266%,NO DATA,2021年50号,495,10,2021年
あやトラ,69,514,282%,NO DATA,2021年51号,524,10,2021年
あやトラ,70,232,127%,NO DATA,2021年52号,242,10,2021年
あやトラ,71,216,118%,,2022年01号,224,8,2022年
あやトラ,72,478,262%,,2022年02号,486,8,2022年
あやトラ,73,314,172%,,2022年03・04号,322,8,2022年
あやトラ,74,473,259%,,2022年05・06号,481,8,2022年
あやトラ,75,184,101%,,2022年07号,192,8,2022年
あやトラ,76,222,122%,,2022年08号,230,8,2022年
あやトラ,77,163,89%,,2022年09号,174,11,2022年
あやトラ,78,223,122%,,2022年10号,230,7,2022年
あやトラ,79,580,318%,,2022年11号,589,9,2022年
あやトラ,80,267,146%,,2022年12号,277,10,2022年
あやトラ,81,316,173%,,2022年13号,322,6,2022年
あやトラ,82,100,55%,,2022年14号,127,27,2022年
あやトラ,83,219,120%,,2022年15号,231,12,2022年
あやトラ,84,220,121%,,2022年16号,229,9,2022年
あやトラ,85,98,54%,,2022年17号,106,8,2022年
あやトラ,86,215,118%,,2022年18号,222,7,2022年
あやトラ,87,110,60%,,2022年19号,116,6,2022年
あやトラ,88,3007,1648%,あやトラ,2022年20号,3020,13,2022年
マグちゃん,54,534,94%,NO DATA,2021年36・37号,626,92,2021年
マグちゃん,55,570,101%,NO DATA,2021年38号,662,92,2021年
マグちゃん,56,543,96%,NO DATA,2021年39号,635,92,2021年
マグちゃん,57,733,130%,NO DATA,2021年40号,825,92,2021年
マグちゃん,58,511,90%,NO DATA,2021年41号,603,92,2021年
マグちゃん,59,491,87%,NO DATA,2021年42号,583,92,2021年
マグちゃん,60,566,100%,NO DATA,2021年43号,658,92,2021年
マグちゃん,61,917,162%,NO DATA,2021年44号,1009,92,2021年
マグちゃん,62,358,63%,NO DATA,2021年45号,450,92,2021年
マグちゃん,63,378,67%,NO DATA,2021年46号,470,92,2021年
マグちゃん,64,283,50%,NO DATA,2021年47号,375,92,2021年
マグちゃん,65,393,69%,NO DATA,2021年48号,485,92,2021年
マグちゃん,66,419,74%,NO DATA,2021年49号,511,92,2021年
マグちゃん,67,834,147%,NO DATA,2021年50号,926,92,2021年
マグちゃん,68,511,90%,NO DATA,2021年51号,603,92,2021年
マグちゃん,69,404,71%,NO DATA,2021年52号,496,92,2021年
マグちゃん,70,1129,199%,,2022年01号,1221,92,2022年
マグちゃん,71,691,122%,,2022年02号,783,92,2022年
マグちゃん,72,553,98%,,2022年03・04号,645,92,2022年
マグちゃん,73,860,152%,,2022年05・06号,952,92,2022年
マグちゃん,74,630,111%,,2022年07号,722,92,2022年
マグちゃん,75,1129,199%,,2022年08号,1221,92,2022年
マグちゃん,76,2392,423%,マグちゃん,2022年09号,2547,155,2022年
マグちゃん,77,13435,2374%,マグちゃん,2022年10号,13605,170,2022年
マグちゃん,80,3579,632%,,2022年11号,4125,546,2022年
ロボコ,52,1742,436%,NO DATA,2021年36・37号,1769,27,2021年
ロボコ,53,495,124%,NO DATA,2021年38号,522,27,2021年
ロボコ,54,1092,273%,NO DATA,2021年39号,1119,27,2021年
ロボコ,55,320,80%,NO DATA,2021年40号,347,27,2021年
ロボコ,56,400,100%,NO DATA,2021年41号,427,27,2021年
ロボコ,57,696,174%,NO DATA,2021年42号,723,27,2021年
ロボコ,58,493,123%,NO DATA,2021年43号,520,27,2021年
ロボコ,59,546,137%,NO DATA,2021年44号,573,27,2021年
ロボコ,60,532,133%,NO DATA,2021年45号,559,27,2021年
ロボコ,61,1076,269%,NO DATA,2021年46号,1103,27,2021年
ロボコ,62,384,96%,NO DATA,2021年47号,411,27,2021年
ロボコ,63,808,202%,NO DATA,2021年48号,835,27,2021年
ロボコ,64,463,116%,NO DATA,2021年49号,490,27,2021年
ロボコ,65,604,151%,NO DATA,2021年50号,631,27,2021年
ロボコ,66,270,68%,NO DATA,2021年51号,297,27,2021年
ロボコ,67,723,181%,NO DATA,2021年52号,750,27,2021年
ロボコ,68,309,77%,,2022年01号,356,47,2022年
ロボコ,69,783,196%,,2022年02号,830,47,2022年
ロボコ,70,377,94%,,2022年03・04号,424,47,2022年
ロボコ,71,647,162%,,2022年05・06号,694,47,2022年
ロボコ,72,311,78%,,2022年07号,358,47,2022年
ロボコ,73,269,67%,,2022年08号,316,47,2022年
ロボコ,74,588,147%,,2022年09号,651,63,2022年
ロボコ,75,218,55%,,2022年10号,265,47,2022年
ロボコ,76,525,131%,,2022年11号,581,56,2022年
ロボコ,77,132,33%,,2022年12号,168,36,2022年
ロボコ,78,264,66%,,2022年13号,295,31,2022年
ロボコ,79,399,100%,,2022年14号,460,61,2022年
ロボコ,80,217,54%,,2022年15号,256,39,2022年
ロボコ,81,281,70%,,2022年16号,315,34,2022年
ロボコ,82,1288,322%,,2022年17号,1317,29,2022年
ロボコ,83,596,149%,,2022年18号,654,58,2022年
ロボコ,84,266,67%,,2022年19号,319,53,2022年
ロボコ,85,276,69%,,2022年20号,305,29,2022年
ロボコ,86,305,76%,,2022年21・22号,409,104,2022年
ロボコ,87,250,63%,,2022年23号,284,34,2022年
ロボコ,88,608,152%,,2022年24号,628,20,2022年
ロボコ,89,541,135%,,2022年25号,584,43,2022年
ロボコ,90,4108,1028%,ロボコアニメ化,2022年26号,4166,58,2022年
ロボコ,91,550,138%,,2022年27号,668,118,2022年
ロボコ,92,656,164%,,2022年28号,732,76,2022年
ロボコ,93,91,23%,,2022年29号,132,41,2022年
ロボコ,94,367,92%,,2022年30号,396,29,2022年
ロボコ,95,566,142%,,2022年31号,593,27,2022年
ロボコ,96,2251,563%,,2022年32号,2282,31,2022年
ロボコ,97,182,46%,,2022年33号,231,49,2022年
ロボコ,98,970,243%,,2022年34号,1039,69,2022年
ロボコ,99,198,50%,,2022年35号,245,47,2022年
ロボコ,100,390,98%,,2022年36・37号,453,63,2022年
ロボコ,101,340,85%,,2022年38号,366,26,2022年
ロボコ,102,395,99%,,2022年39号,423,28,2022年
ロボコ,103,256,64%,,2022年40号,290,34,2022年
ロボコ,104,124,31%,,2022年41号,157,33,2022年
高校生家族,49,473,86%,NO DATA,2021年36・37号,495,22,2021年
高校生家族,50,723,131%,NO DATA,2021年38号,745,22,2021年
高校生家族,51,548,99%,NO DATA,2021年39号,570,22,2021年
高校生家族,52,1020,185%,NO DATA,2021年40号,1042,22,2021年
高校生家族,53,1404,255%,NO DATA,2021年41号,1426,22,2021年
高校生家族,54,625,113%,NO DATA,2021年42号,647,22,2021年
高校生家族,55,810,147%,NO DATA,2021年43号,832,22,2021年
高校生家族,56,417,76%,NO DATA,2021年44号,439,22,2021年
高校生家族,57,497,90%,NO DATA,2021年45号,519,22,2021年
高校生家族,58,718,130%,NO DATA,2021年46号,740,22,2021年
高校生家族,59,1447,263%,NO DATA,2021年47号,1469,22,2021年
高校生家族,60,554,101%,NO DATA,2021年48号,576,22,2021年
高校生家族,61,666,121%,NO DATA,2021年49号,688,22,2021年
高校生家族,62,500,91%,NO DATA,2021年50号,522,22,2021年
高校生家族,63,1250,227%,NO DATA,2021年51号,1272,22,2021年
高校生家族,64,463,84%,NO DATA,2021年52号,485,22,2021年
高校生家族,65,621,113%,,2022年01号,659,38,2022年
高校生家族,66,1039,189%,,2022年02号,1077,38,2022年
高校生家族,67,970,176%,,2022年03・04号,1008,38,2022年
高校生家族,68,509,92%,,2022年05・06号,547,38,2022年
高校生家族,69,1026,186%,,2022年07号,1064,38,2022年
高校生家族,70,1653,300%,高校生家族,2022年08号,1691,38,2022年
高校生家族,71,1357,246%,高校生家族,2022年09号,1394,37,2022年
高校生家族,72,1295,235%,高校生家族,2022年10号,1366,71,2022年
高校生家族,73,642,117%,,2022年11号,689,47,2022年
高校生家族,74,696,126%,,2022年12号,736,40,2022年
高校生家族,75,546,99%,,2022年13号,573,27,2022年
高校生家族,76,1018,185%,,2022年14号,1039,21,2022年
高校生家族,77,813,148%,,2022年15号,844,31,2022年
高校生家族,78,838,152%,,2022年16号,889,51,2022年
高校生家族,79,281,51%,,2022年17号,298,17,2022年
高校生家族,80,360,65%,,2022年18号,379,19,2022年
高校生家族,81,315,57%,,2022年19号,343,28,2022年
高校生家族,82,869,158%,,2022年20号,892,23,2022年
高校生家族,83,1330,241%,高校生家族,2022年21・22号,1465,135,2022年
高校生家族,84,580,105%,,2022年23号,615,35,2022年
高校生家族,85,235,43%,,2022年24号,269,34,2022年
高校生家族,86,589,107%,,2022年25号,609,20,2022年
高校生家族,87,435,79%,,2022年26号,456,21,2022年
高校生家族,88,347,63%,,2022年27号,443,96,2022年
高校生家族,89,288,52%,,2022年28号,354,66,2022年
高校生家族,90,374,68%,,2022年29号,403,29,2022年
高校生家族,91,460,83%,,2022年30号,559,99,2022年
高校生家族,92,294,53%,,2022年31号,318,24,2022年
高校生家族,93,364,66%,,2022年32号,379,15,2022年
高校生家族,94,357,65%,,2022年33号,374,17,2022年
高校生家族,95,918,167%,,2022年34号,946,28,2022年
高校生家族,96,168,30%,,2022年35号,194,26,2022年
高校生家族,97,242,44%,,2022年36・37号,250,8,2022年
高校生家族,98,235,43%,,2022年38号,243,8,2022年
高校生家族,99,472,86%,,2022年39号,487,15,2022年
高校生家族,100,427,77%,,2022年40号,474,47,2022年
高校生家族,101,193,35%,,2022年41号,213,20,2022年
サカモトデイズ,34,207,55%,NO DATA,2021年36・37号,236,29,2021年
サカモトデイズ,35,152,40%,NO DATA,2021年38号,181,29,2021年
サカモトデイズ,36,106,28%,NO DATA,2021年39号,135,29,2021年
サカモトデイズ,37,380,101%,NO DATA,2021年40号,409,29,2021年
サカモトデイズ,38,1081,288%,NO DATA,2021年41号,1110,29,2021年
サカモトデイズ,39,295,78%,NO DATA,2021年42号,324,29,2021年
サカモトデイズ,40,453,120%,NO DATA,2021年43号,482,29,2021年
サカモトデイズ,41,305,81%,NO DATA,2021年44号,334,29,2021年
サカモトデイズ,42,432,115%,NO DATA,2021年45号,461,29,2021年
サカモトデイズ,43,692,184%,NO DATA,2021年46号,721,29,2021年
サカモトデイズ,44,247,66%,NO DATA,2021年47号,276,29,2021年
サカモトデイズ,45,773,206%,NO DATA,2021年48号,802,29,2021年
サカモトデイズ,46,620,165%,NO DATA,2021年49号,649,29,2021年
サカモトデイズ,47,415,110%,NO DATA,2021年50号,444,29,2021年
サカモトデイズ,48,204,54%,NO DATA,2021年51号,233,29,2021年
サカモトデイズ,49,429,114%,NO DATA,2021年52号,458,29,2021年
サカモトデイズ,50,377,100%,,2022年01号,404,27,2022年
サカモトデイズ,51,626,166%,,2022年02号,653,27,2022年
サカモトデイズ,52,514,137%,,2022年03・04号,541,27,2022年
サカモトデイズ,53,664,177%,,2022年05・06号,691,27,2022年
サカモトデイズ,54,504,134%,,2022年07号,531,27,2022年
サカモトデイズ,55,313,83%,,2022年08号,340,27,2022年
サカモトデイズ,56,381,101%,,2022年09号,414,33,2022年
サカモトデイズ,57,311,83%,,2022年10号,334,23,2022年
サカモトデイズ,58,249,66%,,2022年11号,279,30,2022年
サカモトデイズ,59,360,96%,,2022年12号,390,30,2022年
サカモトデイズ,60,403,107%,,2022年13号,438,35,2022年
サカモトデイズ,61,435,116%,,2022年14号,487,52,2022年
サカモトデイズ,62,333,89%,,2022年15号,415,82,2022年
サカモトデイズ,63,217,58%,,2022年16号,275,58,2022年
サカモトデイズ,64,643,171%,,2022年17号,675,32,2022年
サカモトデイズ,65,429,114%,,2022年18号,486,57,2022年
サカモトデイズ,66,260,69%,,2022年19号,324,64,2022年
サカモトデイズ,67,408,109%,,2022年20号,453,45,2022年
サカモトデイズ,68,245,65%,,2022年21・22号,359,114,2022年
サカモトデイズ,69,161,43%,,2022年23号,220,59,2022年
サカモトデイズ,70,238,63%,,2022年24号,280,42,2022年
サカモトデイズ,71,981,261%,,2022年25号,1019,38,2022年
サカモトデイズ,72,375,100%,,2022年26号,426,51,2022年
サカモトデイズ,73,344,91%,,2022年27号,464,120,2022年
サカモトデイズ,74,247,66%,,2022年28号,343,96,2022年
サカモトデイズ,75,417,111%,,2022年29号,469,52,2022年
サカモトデイズ,76,561,149%,,2022年30号,635,74,2022年
サカモトデイズ,77,718,191%,,2022年31号,789,71,2022年
サカモトデイズ,78,490,130%,,2022年32号,561,71,2022年
サカモトデイズ,79,334,89%,,2022年33号,407,73,2022年
サカモトデイズ,80,328,87%,,2022年34号,404,76,2022年
サカモトデイズ,81,452,120%,,2022年35号,497,45,2022年
サカモトデイズ,82,397,106%,,2022年36・37号,515,118,2022年
サカモトデイズ,83,218,58%,,2022年38号,265,47,2022年
サカモトデイズ,84,238,63%,,2022年39号,287,49,2022年
サカモトデイズ,85,144,38%,,2022年40号,190,46,2022年
サカモトデイズ,86,192,51%,,2022年41号,224,32,2022年
逃げ若,27,333,107%,NO DATA,2021年36・37号,355,22,2021年
逃げ若,28,427,138%,NO DATA,2021年38号,449,22,2021年
逃げ若,29,466,150%,NO DATA,2021年39号,488,22,2021年
逃げ若,30,452,146%,NO DATA,2021年40号,474,22,2021年
逃げ若,31,354,114%,NO DATA,2021年41号,376,22,2021年
逃げ若,32,331,107%,NO DATA,2021年42号,353,22,2021年
逃げ若,33,343,110%,NO DATA,2021年43号,365,22,2021年
逃げ若,34,433,139%,NO DATA,2021年44号,455,22,2021年
逃げ若,35,431,139%,NO DATA,2021年45号,453,22,2021年
逃げ若,36,475,153%,NO DATA,2021年46号,497,22,2021年
逃げ若,37,377,121%,NO DATA,2021年47号,399,22,2021年
逃げ若,38,580,187%,NO DATA,2021年48号,602,22,2021年
逃げ若,39,687,221%,NO DATA,2021年49号,709,22,2021年
逃げ若,40,293,94%,NO DATA,2021年50号,315,22,2021年
逃げ若,41,244,79%,NO DATA,2021年52号,266,22,2021年
逃げ若,42,393,127%,,2022年01号,414,21,2022年
逃げ若,43,196,63%,,2022年02号,217,21,2022年
逃げ若,44,192,62%,,2022年03・04号,213,21,2022年
逃げ若,45,328,106%,,2022年05・06号,349,21,2022年
逃げ若,46,160,52%,,2022年07号,181,21,2022年
逃げ若,47,285,92%,,2022年08号,306,21,2022年
逃げ若,48,536,173%,,2022年09号,569,33,2022年
逃げ若,49,261,84%,,2022年10号,300,39,2022年
逃げ若,50,408,131%,,2022年11号,443,35,2022年
逃げ若,51,714,230%,,2022年12号,741,27,2022年
逃げ若,52,410,132%,,2022年13号,424,14,2022年
逃げ若,53,251,81%,,2022年14号,277,26,2022年
逃げ若,54,422,136%,,2022年15号,446,24,2022年
逃げ若,55,236,76%,,2022年16号,260,24,2022年
逃げ若,56,280,90%,,2022年17号,299,19,2022年
逃げ若,57,711,229%,,2022年18号,733,22,2022年
逃げ若,58,185,60%,,2022年19号,239,54,2022年
逃げ若,59,277,89%,,2022年20号,301,24,2022年
逃げ若,60,405,130%,,2022年21・22号,432,27,2022年
逃げ若,61,250,81%,,2022年23号,264,14,2022年
逃げ若,62,213,69%,,2022年24号,236,23,2022年
逃げ若,63,438,141%,,2022年25号,453,15,2022年
逃げ若,64,487,157%,,2022年26号,504,17,2022年
逃げ若,65,193,62%,,2022年27号,263,70,2022年
逃げ若,66,246,79%,,2022年28号,278,32,2022年
逃げ若,67,291,94%,,2022年29号,318,27,2022年
逃げ若,68,255,82%,,2022年30号,278,23,2022年
逃げ若,69,258,83%,,2022年31号,274,16,2022年
逃げ若,70,741,239%,,2022年32号,752,11,2022年
逃げ若,71,457,147%,,2022年33号,476,19,2022年
逃げ若,72,236,76%,,2022年34号,274,38,2022年
逃げ若,73,281,90%,,2022年36・37号,300,19,2022年
逃げ若,74,215,69%,,2022年38号,234,19,2022年
逃げ若,75,182,59%,,2022年39号,197,15,2022年
逃げ若,76,206,66%,,2022年40号,222,16,2022年
逃げ若,77,201,65%,,2022年41号,213,12,2022年
ウィッチウォッチ,25,304,56%,NO DATA,2021年36・37号,317,13,2021年
ウィッチウォッチ,26,149,27%,NO DATA,2021年38号,162,13,2021年
ウィッチウォッチ,27,162,30%,NO DATA,2021年39号,175,13,2021年
ウィッチウォッチ,28,359,66%,NO DATA,2021年40号,372,13,2021年
ウィッチウォッチ,29,502,93%,NO DATA,2021年41号,515,13,2021年
ウィッチウォッチ,30,318,59%,NO DATA,2021年42号,331,13,2021年
ウィッチウォッチ,31,459,85%,NO DATA,2021年43号,472,13,2021年
ウィッチウォッチ,32,1079,199%,NO DATA,2021年44号,1092,13,2021年
ウィッチウォッチ,33,446,82%,NO DATA,2021年45号,459,13,2021年
ウィッチウォッチ,34,1146,211%,NO DATA,2021年46号,1159,13,2021年
ウィッチウォッチ,35,1842,340%,NO DATA,2021年47号,1855,13,2021年
ウィッチウォッチ,36,691,127%,NO DATA,2021年48号,704,13,2021年
ウィッチウォッチ,37,1718,317%,NO DATA,2021年49号,1731,13,2021年
ウィッチウォッチ,38,929,171%,NO DATA,2021年50号,942,13,2021年
ウィッチウォッチ,39,701,129%,NO DATA,2021年51号,714,13,2021年
ウィッチウォッチ,40,748,138%,NO DATA,2021年52号,761,13,2021年
ウィッチウォッチ,41,534,99%,,2022年01号,564,30,2022年
ウィッチウォッチ,42,430,79%,,2022年02号,460,30,2022年
ウィッチウォッチ,43,358,66%,,2022年03・04号,388,30,2022年
ウィッチウォッチ,44,354,65%,,2022年05・06号,384,30,2022年
ウィッチウォッチ,45,542,100%,,2022年07号,572,30,2022年
ウィッチウォッチ,46,933,172%,,2022年08号,963,30,2022年
ウィッチウォッチ,47,1211,223%,"ウィッチウォッチ,うろミラ",2022年09号,1262,51,2022年
ウィッチウォッチ,48,1369,253%,"うろんミラージュ,うろミラ",2022年10号,1470,101,2022年
ウィッチウォッチ,49,511,94%,,2022年11号,585,74,2022年
ウィッチウォッチ,50,863,159%,,2022年12号,902,39,2022年
ウィッチウォッチ,51,1164,215%,,2022年13号,1201,37,2022年
ウィッチウォッチ,52,1817,335%,,2022年14号,1869,52,2022年
ウィッチウォッチ,53,526,97%,,2022年15号,588,62,2022年
ウィッチウォッチ,54,599,111%,,2022年16号,650,51,2022年
ウィッチウォッチ,55,806,149%,,2022年17号,858,52,2022年
ウィッチウォッチ,56,911,168%,,2022年18号,940,29,2022年
ウィッチウォッチ,57,556,103%,,2022年19号,650,94,2022年
ウィッチウォッチ,58,332,61%,,2022年20号,387,55,2022年
ウィッチウォッチ,59,417,77%,,2022年21・22号,625,208,2022年
ウィッチウォッチ,60,766,141%,,2022年23号,829,63,2022年
ウィッチウォッチ,61,765,141%,,2022年24号,863,98,2022年
ウィッチウォッチ,62,305,56%,,2022年25号,393,88,2022年
ウィッチウォッチ,63,394,73%,,2022年26号,455,61,2022年
ウィッチウォッチ,64,555,102%,,2022年27号,1121,566,2022年
ウィッチウォッチ,65,319,59%,,2022年28号,485,166,2022年
ウィッチウォッチ,66,326,60%,,2022年29号,407,81,2022年
ウィッチウォッチ,67,565,104%,,2022年30号,761,196,2022年
ウィッチウォッチ,68,422,78%,,2022年31号,497,75,2022年
ウィッチウォッチ,69,334,62%,,2022年32号,390,56,2022年
ウィッチウォッチ,70,396,73%,,2022年33号,439,43,2022年
ウィッチウォッチ,71,448,83%,,2022年34号,512,64,2022年
ウィッチウォッチ,72,721,133%,,2022年35号,766,45,2022年
ウィッチウォッチ,73,521,96%,,2022年36・37号,632,111,2022年
ウィッチウォッチ,74,388,72%,,2022年38号,432,44,2022年
ウィッチウォッチ,75,878,162%,科学監修,2022年39号,920,42,2022年
ウィッチウォッチ,76,651,120%,,2022年41号,767,116,2022年
アオのハコ,16,1909,277%,NO DATA,2021年36・37号,1948,39,2021年
アオのハコ,17,1800,262%,NO DATA,2021年38号,1839,39,2021年
アオのハコ,18,1169,170%,NO DATA,2021年39号,1208,39,2021年
アオのハコ,19,523,76%,NO DATA,2021年40号,562,39,2021年
アオのハコ,20,518,75%,NO DATA,2021年41号,557,39,2021年
アオのハコ,21,752,109%,NO DATA,2021年42号,791,39,2021年
アオのハコ,22,651,95%,NO DATA,2021年43号,690,39,2021年
アオのハコ,23,1655,241%,NO DATA,2021年44号,1694,39,2021年
アオのハコ,24,471,68%,NO DATA,2021年45号,510,39,2021年
アオのハコ,25,868,126%,NO DATA,2021年46号,907,39,2021年
アオのハコ,26,1655,241%,NO DATA,2021年47号,1694,39,2021年
アオのハコ,27,685,100%,NO DATA,2021年48号,724,39,2021年
アオのハコ,28,691,100%,NO DATA,2021年49号,730,39,2021年
アオのハコ,29,706,103%,NO DATA,2021年50号,745,39,2021年
アオのハコ,30,659,96%,NO DATA,2021年51号,698,39,2021年
アオのハコ,31,831,121%,NO DATA,2021年52号,870,39,2021年
アオのハコ,32,628,91%,,2022年01号,662,34,2022年
アオのハコ,33,806,117%,,2022年02号,840,34,2022年
アオのハコ,34,886,129%,,2022年03・04号,920,34,2022年
アオのハコ,35,1541,224%,,2022年05・06号,1575,34,2022年
アオのハコ,36,524,76%,,2022年07号,558,34,2022年
アオのハコ,37,713,104%,,2022年08号,747,34,2022年
アオのハコ,38,325,47%,,2022年09号,408,83,2022年
アオのハコ,39,310,45%,,2022年10号,376,66,2022年
アオのハコ,40,607,88%,,2022年11号,639,32,2022年
アオのハコ,41,331,48%,,2022年12号,379,48,2022年
アオのハコ,42,288,42%,,2022年13号,342,54,2022年
アオのハコ,43,2394,348%,,2022年14号,2473,79,2022年
アオのハコ,44,1903,277%,,2022年15号,2042,139,2022年
アオのハコ,45,550,80%,,2022年16号,690,140,2022年
アオのハコ,46,1091,159%,,2022年17号,1167,76,2022年
アオのハコ,47,917,133%,,2022年18号,983,66,2022年
アオのハコ,48,2833,412%,,2022年19号,2916,83,2022年
アオのハコ,49,953,139%,,2022年20号,1354,401,2022年
アオのハコ,50,357,52%,,2022年21・22号,860,503,2022年
アオのハコ,51,670,97%,,2022年23号,727,57,2022年
アオのハコ,52,567,82%,,2022年24号,633,66,2022年
アオのハコ,53,1506,219%,,2022年25号,1562,56,2022年
アオのハコ,54,516,75%,,2022年26号,605,89,2022年
アオのハコ,55,435,63%,,2022年27号,927,492,2022年
アオのハコ,56,322,47%,,2022年28号,504,182,2022年
アオのハコ,57,485,70%,,2022年29号,595,110,2022年
アオのハコ,58,596,87%,,2022年30号,667,71,2022年
アオのハコ,59,612,89%,,2022年31号,678,66,2022年
アオのハコ,60,619,90%,,2022年32号,665,46,2022年
アオのハコ,61,777,113%,,2022年33号,849,72,2022年
アオのハコ,62,1124,163%,,2022年34号,1201,77,2022年
アオのハコ,63,586,85%,,2022年35号,693,107,2022年
アオのハコ,64,1184,172%,,2022年36・37号,1382,198,2022年
アオのハコ,65,501,73%,,2022年38号,580,79,2022年
アオのハコ,66,884,128%,,2022年39号,962,78,2022年
アオのハコ,67,1122,163%,,2022年40号,1214,92,2022年
アオのハコ,68,673,98%,,2022年41号,735,62,2022年
アメノフル,15,791,81%,NO DATA,2021年36・37号,791,0,2021年
アメノフル,16,707,72%,NO DATA,2021年38号,707,0,2021年
アメノフル,17,980,100%,NO DATA,2021年39号,980,0,2021年
アメノフル,18,1478,151%,NO DATA,2021年40号,1478,0,2021年
アメノフル,19,3204,327%,NO DATA,2021年41号,3204,0,2021年
レッドフード,6,914,90%,NO DATA,2021年36・37号,914,0,2021年
レッドフード,7,1465,143%,NO DATA,2021年38号,1465,0,2021年
レッドフード,8,1021,100%,NO DATA,2021年39号,1021,0,2021年
レッドフード,9,1063,104%,NO DATA,2021年40号,1063,0,2021年
レッドフード,10,1479,145%,NO DATA,2021年41号,1479,0,2021年
レッドフード,11,925,91%,NO DATA,2021年42号,925,0,2021年
レッドフード,12,844,83%,NO DATA,2021年43号,844,0,2021年
レッドフード,13,686,67%,NO DATA,2021年44号,686,0,2021年
レッドフード,14,880,86%,NO DATA,2021年45号,880,0,2021年
レッドフード,15,2577,252%,NO DATA,2021年46号,2577,0,2021年
レッドフード,16,1402,137%,NO DATA,2021年47号,1402,0,2021年
レッドフード,17,880,86%,NO DATA,2021年48号,880,0,2021年
レッドフード,18,3897,382%,NO DATA,2021年49号,3897,0,2021年
NERU,6,775,93%,NO DATA,2021年38号,775,0,2021年
NERU,7,674,81%,NO DATA,2021年39号,674,0,2021年
NERU,8,834,100%,NO DATA,2021年40号,834,0,2021年
NERU,9,1021,122%,NO DATA,2021年41号,1021,0,2021年
NERU,10,909,109%,NO DATA,2021年42号,909,0,2021年
NERU,11,782,94%,NO DATA,2021年43号,782,0,2021年
NERU,12,854,102%,NO DATA,2021年44号,854,0,2021年
NERU,13,2277,273%,NO DATA,2021年45号,2277,0,2021年
NERU,14,599,72%,NO DATA,2021年46号,599,0,2021年
NERU,15,537,64%,NO DATA,2021年47号,537,0,2021年
NERU,16,546,65%,NO DATA,2021年48号,546,0,2021年
NERU,17,955,115%,NO DATA,2021年49号,955,0,2021年
NERU,18,1783,214%,NO DATA,2021年50号,1783,0,2021年
PPPPPP,1,897,168%,NO DATA,2021年42号,916,19,2021年
PPPPPP,2,322,60%,NO DATA,2021年43号,341,19,2021年
PPPPPP,3,402,75%,NO DATA,2021年44号,421,19,2021年
PPPPPP,4,347,65%,NO DATA,2021年45号,366,19,2021年
PPPPPP,5,335,63%,NO DATA,2021年46号,354,19,2021年
PPPPPP,6,376,71%,NO DATA,2021年47号,395,19,2021年
PPPPPP,7,433,81%,NO DATA,2021年48号,452,19,2021年
PPPPPP,8,474,89%,NO DATA,2021年49号,493,19,2021年
PPPPPP,9,382,72%,NO DATA,2021年50号,401,19,2021年
PPPPPP,10,309,58%,NO DATA,2021年51号,328,19,2021年
PPPPPP,11,377,71%,NO DATA,2021年52号,396,19,2021年
PPPPPP,12,479,90%,,2022年01号,525,46,2022年
PPPPPP,13,794,149%,,2022年02号,840,46,2022年
PPPPPP,14,503,94%,,2022年03・04号,549,46,2022年
PPPPPP,15,642,120%,,2022年05・06号,688,46,2022年
PPPPPP,16,276,52%,,2022年07号,322,46,2022年
PPPPPP,17,650,122%,,2022年08号,696,46,2022年
PPPPPP,18,271,51%,,2022年09号,320,49,2022年
PPPPPP,19,623,117%,,2022年10号,674,51,2022年
PPPPPP,20,507,95%,,2022年11号,550,43,2022年
PPPPPP,21,704,132%,,2022年12号,746,42,2022年
PPPPPP,22,613,115%,,2022年13号,653,40,2022年
PPPPPP,23,380,71%,,2022年14号,424,44,2022年
PPPPPP,24,445,83%,,2022年15号,487,42,2022年
PPPPPP,25,414,78%,,2022年16号,480,66,2022年
PPPPPP,26,386,72%,,2022年17号,431,45,2022年
PPPPPP,27,987,185%,,2022年18号,1028,41,2022年
PPPPPP,28,284,53%,,2022年19号,377,93,2022年
PPPPPP,29,486,91%,,2022年20号,542,56,2022年
PPPPPP,30,552,104%,,2022年21・22号,721,169,2022年
PPPPPP,31,529,99%,,2022年23号,613,84,2022年
PPPPPP,32,896,168%,ミーミン,2022年24号,976,80,2022年
PPPPPP,33,786,147%,,2022年25号,866,80,2022年
PPPPPP,34,725,136%,,2022年26号,790,65,2022年
PPPPPP,35,547,103%,,2022年27号,600,53,2022年
PPPPPP,36,1113,209%,ソラチカ,2022年28号,1169,56,2022年
PPPPPP,37,897,168%,,2022年29号,952,55,2022年
PPPPPP,38,533,100%,,2022年30号,734,201,2022年
PPPPPP,39,1227,230%,,2022年31号,1275,48,2022年
PPPPPP,40,617,116%,,2022年32号,728,111,2022年
PPPPPP,41,856,161%,,2022年33号,914,58,2022年
PPPPPP,42,710,133%,,2022年34号,762,52,2022年
PPPPPP,43,415,78%,,2022年35号,465,50,2022年
PPPPPP,44,419,79%,,2022年36・37号,462,43,2022年
PPPPPP,45,782,147%,,2022年38号,810,28,2022年
PPPPPP,46,651,122%,,2022年39号,679,28,2022年
PPPPPP,47,649,122%,,2022年40号,757,108,2022年
PPPPPP,48,863,162%,,2022年41号,936,73,2022年
アヤシモン,1,3908,967%,NO DATA,2021年50号,3913,5,2021年
アヤシモン,2,1354,335%,NO DATA,2021年51号,1359,5,2021年
アヤシモン,3,1166,289%,NO DATA,2021年52号,1171,5,2021年
アヤシモン,4,900,223%,,2022年01号,917,17,2022年
アヤシモン,5,615,152%,,2022年02号,632,17,2022年
アヤシモン,6,445,110%,,2022年03・04号,462,17,2022年
アヤシモン,7,306,76%,,2022年05・06号,323,17,2022年
アヤシモン,8,443,110%,,2022年07号,460,17,2022年
アヤシモン,9,609,151%,,2022年08号,626,17,2022年
アヤシモン,10,279,69%,,2022年09号,306,27,2022年
アヤシモン,11,425,105%,,2022年10号,440,15,2022年
アヤシモン,12,810,200%,,2022年11号,834,24,2022年
アヤシモン,13,404,100%,,2022年13号,418,14,2022年
アヤシモン,14,279,69%,,2022年14号,363,84,2022年
アヤシモン,15,310,77%,,2022年15号,339,29,2022年
アヤシモン,16,225,56%,,2022年16号,254,29,2022年
アヤシモン,17,272,67%,,2022年17号,294,22,2022年
アヤシモン,18,296,73%,,2022年18号,324,28,2022年
アヤシモン,19,249,62%,,2022年19号,271,22,2022年
アヤシモン,20,214,53%,,2022年20号,233,19,2022年
アヤシモン,21,216,53%,,2022年21・22号,364,148,2022年
アヤシモン,22,213,53%,,2022年23号,245,32,2022年
アヤシモン,23,148,37%,,2022年24号,178,30,2022年
アヤシモン,24,631,156%,,2022年25号,649,18,2022年
アヤシモン,25,3914,969%,アヤシモン,2022年26号,3955,41,2022年
しゅごまる,1,1177,310%,NO DATA,2021年51号,1179,2,2021年
しゅごまる,2,543,143%,NO DATA,2021年52号,545,2,2021年
しゅごまる,3,500,132%,,2022年01号,507,7,2022年
しゅごまる,4,471,124%,,2022年02号,478,7,2022年
しゅごまる,5,328,86%,,2022年03・04号,335,7,2022年
しゅごまる,6,306,81%,,2022年05・06号,313,7,2022年
しゅごまる,7,432,114%,,2022年07号,439,7,2022年
しゅごまる,8,694,183%,,2022年08号,701,7,2022年
しゅごまる,9,257,68%,,2022年09号,274,17,2022年
しゅごまる,10,1318,347%,しゅごまる,2022年10号,1332,14,2022年
しゅごまる,11,3363,885%,しゅごまる,2022年11号,3375,12,2022年
しゅごまる,12,614,162%,,2022年12号,657,43,2022年
しゅごまる,13,187,49%,,2022年13号,202,15,2022年
しゅごまる,14,259,68%,,2022年14号,273,14,2022年
しゅごまる,15,325,86%,,2022年15号,334,9,2022年
しゅごまる,16,238,63%,,2022年16号,252,14,2022年
しゅごまる,17,269,71%,,2022年17号,274,5,2022年
しゅごまる,18,166,44%,,2022年18号,182,16,2022年
しゅごまる,19,210,55%,,2022年19号,225,15,2022年
しゅごまる,20,327,86%,,2022年20号,334,7,2022年
しゅごまる,21,201,53%,,2022年21・22号,285,84,2022年
しゅごまる,22,214,56%,,2022年23号,238,24,2022年
しゅごまる,23,810,213%,,2022年24号,828,18,2022年
しゅごまる,24,546,144%,,2022年25号,562,16,2022年
しゅごまる,25,525,138%,,2022年26号,550,25,2022年
しゅごまる,26,1196,315%,,2022年27号,1216,20,2022年
ドロンドロロン,1,1436,640%,NO DATA,2021年52号,1437,1,2021年
ドロンドロロン,2,859,383%,,2022年01号,870,11,2022年
ドロンドロロン,3,818,364%,,2022年02号,829,11,2022年
ドロンドロロン,4,347,155%,,2022年03・04号,358,11,2022年
ドロンドロロン,5,253,113%,,2022年05・06号,264,11,2022年
ドロンドロロン,6,450,200%,,2022年07号,461,11,2022年
ドロンドロロン,7,454,202%,,2022年08号,465,11,2022年
ドロンドロロン,8,238,106%,,2022年09号,253,15,2022年
ドロンドロロン,9,603,269%,,2022年10号,615,12,2022年
ドロンドロロン,10,531,237%,,2022年11号,544,13,2022年
ドロンドロロン,11,359,160%,,2022年12号,374,15,2022年
ドロンドロロン,12,254,113%,,2022年13号,259,5,2022年
ドロンドロロン,13,317,141%,,2022年14号,330,13,2022年
ドロンドロロン,14,334,149%,,2022年15号,352,18,2022年
ドロンドロロン,15,219,98%,,2022年16号,236,17,2022年
ドロンドロロン,16,121,54%,,2022年17号,126,5,2022年
ドロンドロロン,17,252,112%,,2022年18号,264,12,2022年
ドロンドロロン,18,194,86%,,2022年19号,215,21,2022年
ドロンドロロン,19,160,71%,,2022年20号,173,13,2022年
ドロンドロロン,20,223,99%,,2022年21・22号,352,129,2022年
ドロンドロロン,21,228,102%,,2022年23号,255,27,2022年
ドロンドロロン,22,109,49%,,2022年24号,136,27,2022年
ドロンドロロン,23,117,52%,,2022年25号,132,15,2022年
ドロンドロロン,24,226,101%,,2022年26号,242,16,2022年
ドロンドロロン,25,152,68%,,2022年27号,173,21,2022年
ドロンドロロン,26,154,69%,,2022年28号,168,14,2022年
ドロンドロロン,27,196,87%,,2022年29号,205,9,2022年
ドロンドロロン,28,168,75%,,2022年30号,180,12,2022年
ドロンドロロン,29,110,49%,,2022年31号,123,13,2022年
ドロンドロロン,30,111,49%,,2022年32号,119,8,2022年
ドロンドロロン,31,87,39%,,2022年33号,97,10,2022年
ドロンドロロン,32,104,46%,,2022年34号,113,9,2022年
ドロンドロロン,33,123,55%,,2022年35号,132,9,2022年
ドロンドロロン,34,87,39%,,2022年36・37号,99,12,2022年
ドロンドロロン,35,90,40%,,2022年38号,92,2,2022年
ドロンドロロン,36,650,290%,,2022年39号,657,7,2022年
あかね噺,1,1988,307%,,2022年11号,1992,4,2022年
あかね噺,2,1323,204%,,2022年12号,1418,95,2022年
あかね噺,3,1095,169%,,2022年13号,1150,55,2022年
あかね噺,4,843,130%,,2022年14号,882,39,2022年
あかね噺,5,630,97%,,2022年15号,654,24,2022年
あかね噺,6,493,76%,,2022年16号,520,27,2022年
あかね噺,7,361,56%,,2022年17号,379,18,2022年
あかね噺,8,570,88%,,2022年18号,588,18,2022年
あかね噺,9,529,82%,,2022年19号,555,26,2022年
あかね噺,10,468,72%,,2022年20号,491,23,2022年
あかね噺,11,810,125%,,2022年21・22号,904,94,2022年
あかね噺,12,653,101%,,2022年23号,686,33,2022年
あかね噺,13,377,58%,,2022年24号,416,39,2022年
あかね噺,14,756,117%,,2022年25号,782,26,2022年
あかね噺,15,644,99%,,2022年26号,685,41,2022年
あかね噺,16,951,147%,,2022年27号,1353,402,2022年
あかね噺,17,687,106%,,2022年28号,789,102,2022年
あかね噺,18,614,95%,,2022年29号,676,62,2022年
あかね噺,19,438,68%,,2022年30号,642,204,2022年
あかね噺,20,912,141%,,2022年31号,974,62,2022年
あかね噺,21,457,70%,,2022年32号,505,48,2022年
あかね噺,22,615,95%,,2022年33号,661,46,2022年
あかね噺,23,616,95%,,2022年34号,670,54,2022年
あかね噺,24,1176,181%,,2022年35号,1205,29,2022年
あかね噺,25,918,142%,,2022年36・37号,1094,176,2022年
あかね噺,26,2327,359%,あかね噺,2022年38号,2381,54,2022年
あかね噺,27,2149,331%,あかね噺,2022年39号,2248,99,2022年
あかね噺,28,1420,219%,,2022年40号,1537,117,2022年
あかね噺,29,588,91%,,2022年41号,656,68,2022年
地球の子,1,5417,1513%,地球の子,2022年12号,5426,9,2022年
地球の子,2,1633,456%,,2022年13号,1711,78,2022年
地球の子,3,991,277%,,2022年14号,1023,32,2022年
地球の子,4,633,177%,,2022年15号,657,24,2022年
地球の子,5,473,132%,,2022年16号,505,32,2022年
地球の子,6,609,170%,,2022年17号,621,12,2022年
地球の子,7,419,117%,,2022年18号,453,34,2022年
地球の子,8,474,132%,,2022年19号,498,24,2022年
地球の子,9,430,120%,,2022年20号,442,12,2022年
地球の子,10,358,100%,,2022年21・22号,472,114,2022年
地球の子,11,328,92%,,2022年23号,353,25,2022年
地球の子,12,248,69%,,2022年24号,267,19,2022年
地球の子,13,265,74%,,2022年25号,288,23,2022年
地球の子,14,267,75%,,2022年26号,297,30,2022年
地球の子,15,233,65%,,2022年27号,299,66,2022年
地球の子,16,573,160%,,2022年28号,593,20,2022年
地球の子,17,490,137%,,2022年29号,515,25,2022年
地球の子,18,462,129%,,2022年30号,494,32,2022年
地球の子,19,336,94%,,2022年31号,359,23,2022年
地球の子,20,264,74%,,2022年32号,278,14,2022年
地球の子,21,304,85%,,2022年33号,317,13,2022年
地球の子,22,201,56%,,2022年34号,224,23,2022年
地球の子,23,165,46%,,2022年35号,182,17,2022年
地球の子,24,154,43%,,2022年36・37号,180,26,2022年
地球の子,25,217,61%,,2022年38号,222,5,2022年
地球の子,26,243,68%,,2022年39号,258,15,2022年
地球の子,27,887,248%,,2022年40号,898,11,2022年
すごいスマホ,1,2563,1059%,,2022年23号,2571,8,2022年
すごいスマホ,2,878,363%,,2022年24号,924,46,2022年
すごいスマホ,3,503,208%,,2022年25号,542,39,2022年
すごいスマホ,4,359,148%,,2022年26号,398,39,2022年
すごいスマホ,5,297,123%,,2022年27号,327,30,2022年
すごいスマホ,6,242,100%,,2022年28号,265,23,2022年
すごいスマホ,7,479,198%,,2022年29号,505,26,2022年
すごいスマホ,8,215,89%,,2022年30号,296,81,2022年
すごいスマホ,9,338,140%,,2022年31号,366,28,2022年
すごいスマホ,10,180,74%,,2022年32号,209,29,2022年
すごいスマホ,11,148,61%,,2022年33号,166,18,2022年
すごいスマホ,12,149,62%,,2022年34号,169,20,2022年
すごいスマホ,13,136,56%,,2022年35号,158,22,2022年
すごいスマホ,14,140,58%,,2022年36・37号,160,20,2022年
すごいスマホ,15,247,102%,,2022年38号,264,17,2022年
すごいスマホ,16,170,70%,,2022年39号,190,20,2022年
すごいスマホ,17,186,77%,,2022年40号,215,29,2022年
すごいスマホ,18,330,136%,,2022年41号,360,30,2022年
エイリアンズエリア,1,299,150%,,2022年27号,299,0,2022年
エイリアンズエリア,2,221,111%,,2022年28号,227,6,2022年
エイリアンズエリア,3,197,99%,,2022年29号,202,5,2022年
エイリアンズエリア,4,115,58%,,2022年30号,123,8,2022年
エイリアンズエリア,5,200,100%,,2022年31号,203,3,2022年
エイリアンズエリア,6,252,126%,,2022年32号,257,5,2022年
エイリアンズエリア,7,176,88%,,2022年33号,183,7,2022年
エイリアンズエリア,8,152,76%,,2022年34号,159,7,2022年
エイリアンズエリア,9,237,119%,,2022年35号,239,2,2022年
エイリアンズエリア,10,147,74%,,2022年36・37号,153,6,2022年
エイリアンズエリア,11,167,84%,,2022年38号,169,2,2022年
エイリアンズエリア,12,159,80%,,2022年39号,164,5,2022年
エイリアンズエリア,13,411,206%,,2022年40号,418,7,2022年
エイリアンズエリア,14,419,210%,,2022年41号,427,8,2022年
ルリドラゴン,1,10438,162%,ルリドラゴン,2022年28号,10455,17,2022年
ルリドラゴン,2,5452,85%,,2022年29号,5916,464,2022年
ルリドラゴン,3,4719,73%,,2022年30号,5029,310,2022年
ルリドラゴン,4,7832,121%,ルリドラゴン,2022年31号,8048,216,2022年
ルリドラゴン,5,2993,46%,,2022年32号,3265,272,2022年
ルリドラゴン,6,7445,115%,ルリドラゴン,2022年34号,7587,142,2022年
鬼嫁伝,1,1176,321%,大東京鬼嫁伝,2022年40号,1180,4,2022年
鬼嫁伝,2,366,100%,,2022年41号,388,22,2022年
ギンカとリューナ,1,989,119%,,2022年41号,989,0,2022年
#今週のワンピ,1060,11829,412%,"#今週のワンピ,夢の果て,ウラヌス,ルフィの夢の果て,ルルシア王国,カリブー",2022年42号,11829,0,2022年
ヒロアカ本誌,366,1864,229%,,2022年42号,1864,0,2022年
PPPPPP,49,1105,207%,,2022年42号,1183,78,2022年
ウィッチウォッチ,77,806,149%,,2022年42号,928,122,2022年
アオのハコ,69,749,109%,,2022年42号,813,64,2022年
アンデラ,127,682,71%,,2022年42号,735,53,2022年
ギンカとリューナ,2,672,81%,,2022年42号,694,22,2022年
ブラクロ,338,356,94%,,2022年42号,555,199,2022年
あかね噺,30,444,68%,,2022年42号,492,48,2022年
ロボコ,105,389,97%,,2022年42号,410,21,2022年
マッシュル,124,270,72%,,2022年42号,330,60,2022年
エイリアンズエリア,15,299,150%,,2022年42号,312,13,2022年
逃げ若,78,286,92%,,2022年42号,299,13,2022年
鬼嫁伝,3,280,77%,,2022年42号,292,12,2022年
サカモトデイズ,87,257,68%,,2022年42号,284,27,2022年
高校生家族,102,208,38%,,2022年42号,232,24,2022年
すごいスマホ,19,200,83%,,2022年42号,225,25,2022年
夜桜さんちの大作戦,146,30,36%,,2022年42号,44,14,2022年
,,,,,,,,
,,,,,,,,
,,,,,,,,
,,,,,,,,
,,,,,,,,
,,,,,,,,
,,,,,,,,
,,,,,,,,
,,,,,,,,
,,,,,,,,
,,,,,,,,
,,,,,,,,
,,,,,,,,
,,,,,,,,
,,,,,,,,
,,,,,,,,
,,,,,,,,
,,,,,,,,
,,,,,,,,
,,,,,,,,
,,,,,,,,
,,,,,,,,
,,,,,,,,
,,,,,,,,
,,,,,,,,
,,,,,,,,
,,,,,,,,
,,,,,,,,
,,,,,,,,
,,,,,,,,
,,,,,,,,
,,,,,,,,
,,,,,,,,
,,,,,,,,
,,,,,,,,
,,,,,,,,
,,,,,,,,
,,,,,,,,
,,,,,,,,
,,,,,,,,
,,,,,,,,
,,,,,,,,
,,,,,,,,
,,,,,,,,
,,,,,,,,
,,,,,,,,
,,,,,,,,
,,,,,,,,
,,,,,,,,
,,,,,,,,
,,,,,,,,
,,,,,,,,
,,,,,,,,
,,,,,,,,
,,,,,,,,
,,,,,,,,
,,,,,,,,
,,,,,,,,
,,,,,,,,
,,,,,,,,
,,,,,,,,
,,,,,,,,
,,,,,,,,
,,,,,,,,
,,,,,,,,
,,,,,,,,
,,,,,,,,
,,,,,,,,
,,,,,,,,
,,,,,,,,
,,,,,,,,
,,,,,,,,
,,,,,,,,
,,,,,,,,
,,,,,,,,
,,,,,,,,
,,,,,,,,
,,,,,,,,
,,,,,,,,
,,,,,,,,
,,,,,,,,
,,,,,,,,
,,,,,,,,
,,,,,,,,
,,,,,,,,
,,,,,,,,
,,,,,,,,
,,,,,,,,
,,,,,,,,
,,,,,,,,
,,,,,,,,
,,,,,,,,
,,,,,,,,
,,,,,,,,
,,,,,,,,
,,,,,,,,
,,,,,,,,
,,,,,,,,
,,,,,,,,
,,,,,,,,
,,,,,,,,
,,,,,,,,
,,,,,,,,
,,,,,,,,
,,,,,,,,
,,,,,,,,
,,,,,,,,
,,,,,,,,
,,,,,,,,
,,,,,,,,
,,,,,,,,
,,,,,,,,
,,,,,,,,
,,,,,,,,
,,,,,,,,
,,,,,,,,
,,,,,,,,
,,,,,,,,
,,,,,,,,
,,,,,,,,
,,,,,,,,
,,,,,,,,
,,,,,,,,
,,,,,,,,
,,,,,,,,
,,,,,,,,
,,,,,,,,
,,,,,,,,
,,,,,,,,
,,,,,,,,
,,,,,,,,
,,,,,,,,
,,,,,,,,
,,,,,,,,
,,,,,,,,
,,,,,,,,
,,,,,,,,
,,,,,,,,
,,,,,,,,
,,,,,,,,
,,,,,,,,
,,,,,,,,
,,,,,,,,
,,,,,,,,
,,,,,,,,
,,,,,,,,
,,,,,,,,
,,,,,,,,
,,,,,,,,
,,,,,,,,
,,,,,,,,
,,,,,,,,
,,,,,,,,
,,,,,,,,
,,,,,,,,
,,,,,,,,
,,,,,,,,
,,,,,,,,
,,,,,,,,
,,,,,,,,
,,,,,,,,
,,,,,,,,
,,,,,,,,
,,,,,,,,
,,,,,,,,
,,,,,,,,
,,,,,,,,
,,,,,,,,
,,,,,,,,
,,,,,,,,
,,,,,,,,
,,,,,,,,
,,,,,,,,
,,,,,,,,
,,,,,,,,
,,,,,,,,
,,,,,,,,
,,,,,,,,
,,,,,,,,
,,,,,,,,
,,,,,,,,
,,,,,,,,
,,,,,,,,
,,,,,,,,
,,,,,,,,
,,,,,,,,
,,,,,,,,
,,,,,,,,
,,,,,,,,
,,,,,,,,
,,,,,,,,
,,,,,,,,
,,,,,,,,
,,,,,,,,
,,,,,,,,
,,,,,,,,
,,,,,,,,
,,,,,,,,
,,,,,,,,
,,,,,,,,
,,,,,,,,
,,,,,,,,
,,,,,,,,
,,,,,,,,
,,,,,,,,
,,,,,,,,
,,,,,,,,
,,,,,,,,
,,,,,,,,
,,,,,,,,
,,,,,,,,
,,,,,,,,
,,,,,,,,
,,,,,,,,
,,,,,,,,
,,,,,,,,
,,,,,,,,
,,,,,,,,
,,,,,,,,
,,,,,,,,
,,,,,,,,
,,,,,,,,
,,,,,,,,
,,,,,,,,
,,,,,,,,
,,,,,,,,
,,,,,,,,
,,,,,,,,
,,,,,,,,
,,,,,,,,
,,,,,,,,
,,,,,,,,
,,,,,,,,
,,,,,,,,
,,,,,,,,
,,,,,,,,
,,,,,,,,
,,,,,,,,
,,,,,,,,
,,,,,,,,
,,,,,,,,
,,,,,,,,
,,,,,,,,
,,,,,,,,
,,,,,,,,
,,,,,,,,
,,,,,,,,
,,,,,,,,
,,,,,,,,
,,,,,,,,
,,,,,,,,
,,,,,,,,
,,,,,,,,
,,,,,,,,
,,,,,,,,
,,,,,,,,
,,,,,,,,
,,,,,,,,
,,,,,,,,
,,,,,,,,
,,,,,,,,
,,,,,,,,
,,,,,,,,
,,,,,,,,
,,,,,,,,
,,,,,,,,
,,,,,,,,
,,,,,,,,
,,,,,,,,
,,,,,,,,
,,,,,,,,
,,,,,,,,
,,,,,,,,
,,,,,,,,
,,,,,,,,
,,,,,,,,
,,,,,,,,
,,,,,,,,
,,,,,,,,
,,,,,,,,
,,,,,,,,
,,,,,,,,
,,,,,,,,
,,,,,,,,
,,,,,,,,
,,,,,,,,
,,,,,,,,
,,,,,,,,
,,,,,,,,
,,,,,,,,
,,,,,,,,
,,,,,,,,
,,,,,,,,
,,,,,,,,
,,,,,,,,
,,,,,,,,
,,,,,,,,
,,,,,,,,
,,,,,,,,
,,,,,,,,
,,,,,,,,
,,,,,,,,
,,,,,,,,
,,,,,,,,
,,,,,,,,
,,,,,,,,
,,,,,,,,
,,,,,,,,
,,,,,,,,
,,,,,,,,
,,,,,,,,
,,,,,,,,
,,,,,,,,
,,,,,,,,
,,,,,,,,
,,,,,,,,
,,,,,,,,
,,,,,,,,
,,,,,,,,
,,,,,,,,
,,,,,,,,
,,,,,,,,
,,,,,,,,
,,,,,,,,
,,,,,,,,
,,,,,,,,
,,,,,,,,
,,,,,,,,
,,,,,,,,
,,,,,,,,
,,,,,,,,
,,,,,,,,
,,,,,,,,
,,,,,,,,
,,,,,,,,
,,,,,,,,
,,,,,,,,
,,,,,,,,
,,,,,,,,
,,,,,,,,
,,,,,,,,
,,,,,,,,
,,,,,,,,
,,,,,,,,
,,,,,,,,
,,,,,,,,
,,,,,,,,
,,,,,,,,
,,,,,,,,
,,,,,,,,
,,,,,,,,
,,,,,,,,
,,,,,,,,
,,,,,,,,
,,,,,,,,
,,,,,,,,
,,,,,,,,
,,,,,,,,
,,,,,,,,
,,,,,,,,
,,,,,,,,
,,,,,,,,
,,,,,,,,
,,,,,,,,
,,,,,,,,
,,,,,,,,
,,,,,,,,
,,,,,,,,
,,,,,,,,
,,,,,,,,
,,,,,,,,
,,,,,,,,
,,,,,,,,
,,,,,,,,
,,,,,,,,
,,,,,,,,
,,,,,,,,
,,,,,,,,
,,,,,,,,
,,,,,,,,
,,,,,,,,
,,,,,,,,
,,,,,,,,
,,,,,,,,
,,,,,,,,
,,,,,,,,
,,,,,,,,
,,,,,,,,
,,,,,,,,
,,,,,,,,
,,,,,,,,
,,,,,,,,
,,,,,,,,
,,,,,,,,
,,,,,,,,
,,,,,,,,
,,,,,,,,
,,,,,,,,
,,,,,,,,
,,,,,,,,
,,,,,,,,
,,,,,,,,
,,,,,,,,
,,,,,,,,
,,,,,,,,
,,,,,,,,
,,,,,,,,
